week,variant,stat,theta,Alpha,Delta,Gamma,Mu,Omicron,Other,weekly_count_variants
0,Alpha,mean,0.3222622147693785,2.0,0.0,4.0,6.0,0.0,5.0,12.0
0,Alpha,q025,0.18859887804866235,2.0,0.0,4.0,6.0,0.0,5.0,12.0
0,Alpha,q975,0.49014686874024466,2.0,0.0,4.0,6.0,0.0,5.0,12.0
1,Alpha,mean,0.21881322157498403,3.0,0.0,4.0,4.0,0.0,15.0,11.0
1,Alpha,q025,0.13642400278569505,3.0,0.0,4.0,4.0,0.0,15.0,11.0
1,Alpha,q975,0.3220596942602155,3.0,0.0,4.0,4.0,0.0,15.0,11.0
2,Alpha,mean,0.140890175082775,6.0,0.0,17.0,23.0,0.0,21.0,46.0
2,Alpha,q025,0.09376092162149414,6.0,0.0,17.0,23.0,0.0,21.0,46.0
2,Alpha,q975,0.20243315926729855,6.0,0.0,17.0,23.0,0.0,21.0,46.0
3,Alpha,mean,0.0877051684656387,10.0,0.0,10.0,36.0,0.0,10.0,56.0
3,Alpha,q025,0.056054428527690894,10.0,0.0,10.0,36.0,0.0,10.0,56.0
3,Alpha,q975,0.12655232588041498,10.0,0.0,10.0,36.0,0.0,10.0,56.0
4,Alpha,mean,0.05361888060942328,1.0,0.0,15.0,33.0,0.0,12.0,49.0
4,Alpha,q025,0.030622774514882177,1.0,0.0,15.0,33.0,0.0,12.0,49.0
4,Alpha,q975,0.08300085749942973,1.0,0.0,15.0,33.0,0.0,12.0,49.0
5,Alpha,mean,0.03252568049097597,0.0,0.0,11.0,31.0,0.0,9.0,42.0
5,Alpha,q025,0.015569867977639448,0.0,0.0,11.0,31.0,0.0,9.0,42.0
5,Alpha,q975,0.05498680910354177,0.0,0.0,11.0,31.0,0.0,9.0,42.0
6,Alpha,mean,0.019696415771999546,0.0,0.0,6.0,10.0,0.0,0.0,16.0
6,Alpha,q025,0.007588429378056493,0.0,0.0,6.0,10.0,0.0,0.0,16.0
6,Alpha,q975,0.03710732787521464,0.0,0.0,6.0,10.0,0.0,0.0,16.0
7,Alpha,mean,0.01194745414267346,0.0,1.0,11.0,26.0,0.0,15.0,38.0
7,Alpha,q025,0.0035905924504471324,0.0,1.0,11.0,26.0,0.0,15.0,38.0
7,Alpha,q975,0.025460496680855985,0.0,1.0,11.0,26.0,0.0,15.0,38.0
8,Alpha,mean,0.007272512381154873,0.0,1.0,8.0,11.0,0.0,7.0,20.0
8,Alpha,q025,0.001668045414828625,0.0,1.0,8.0,11.0,0.0,7.0,20.0
8,Alpha,q975,0.017247955001549492,0.0,1.0,8.0,11.0,0.0,7.0,20.0
9,Alpha,mean,0.004446441416861277,1.0,0.0,5.0,11.0,0.0,2.0,17.0
9,Alpha,q025,0.0007673170173620326,1.0,0.0,5.0,11.0,0.0,2.0,17.0
9,Alpha,q975,0.011841062561373362,1.0,0.0,5.0,11.0,0.0,2.0,17.0
10,Alpha,mean,0.002731619443984248,0.0,0.0,10.0,26.0,0.0,1.0,36.0
10,Alpha,q025,0.0003543499598446075,0.0,0.0,10.0,26.0,0.0,1.0,36.0
10,Alpha,q975,0.008032976643036788,0.0,0.0,10.0,26.0,0.0,1.0,36.0
11,Alpha,mean,0.0016862105148613329,0.0,0.0,1.0,14.0,0.0,1.0,15.0
11,Alpha,q025,0.00016426867043100248,0.0,0.0,1.0,14.0,0.0,1.0,15.0
11,Alpha,q975,0.005512208361941583,0.0,0.0,1.0,14.0,0.0,1.0,15.0
12,Alpha,mean,0.001045615617005794,0.0,0.0,4.0,20.0,0.0,2.0,24.0
12,Alpha,q025,7.570543491083824e-05,0.0,0.0,4.0,20.0,0.0,2.0,24.0
12,Alpha,q975,0.0038154136330047508,0.0,0.0,4.0,20.0,0.0,2.0,24.0
13,Alpha,mean,0.0006509890155242904,0.0,0.0,5.0,20.0,0.0,1.0,25.0
13,Alpha,q025,3.447793433555345e-05,0.0,0.0,5.0,20.0,0.0,1.0,25.0
13,Alpha,q975,0.0026083357555325374,0.0,0.0,5.0,20.0,0.0,1.0,25.0
14,Alpha,mean,0.000406597504945261,0.0,1.0,10.0,57.0,0.0,1.0,68.0
14,Alpha,q025,1.5539869232807922e-05,0.0,1.0,10.0,57.0,0.0,1.0,68.0
14,Alpha,q975,0.0017880007162407383,0.0,1.0,10.0,57.0,0.0,1.0,68.0
15,Alpha,mean,0.00025447197591772465,0.0,2.0,9.0,102.0,0.0,3.0,113.0
15,Alpha,q025,6.8724163051980446e-06,0.0,2.0,9.0,102.0,0.0,3.0,113.0
15,Alpha,q975,0.0011886718216364666,0.0,2.0,9.0,102.0,0.0,3.0,113.0
16,Alpha,mean,0.00015933025019285638,0.0,8.0,15.0,124.0,0.0,4.0,147.0
16,Alpha,q025,3.0540010103308498e-06,0.0,8.0,15.0,124.0,0.0,4.0,147.0
16,Alpha,q975,0.0008013249117498391,0.0,8.0,15.0,124.0,0.0,4.0,147.0
17,Alpha,mean,9.958414043580033e-05,0.0,7.0,7.0,122.0,0.0,10.0,136.0
17,Alpha,q025,1.3571834836943479e-06,0.0,7.0,7.0,122.0,0.0,10.0,136.0
17,Alpha,q975,0.000535853668713125,0.0,7.0,7.0,122.0,0.0,10.0,136.0
18,Alpha,mean,6.195346080139907e-05,0.0,14.0,8.0,96.0,0.0,10.0,118.0
18,Alpha,q025,5.900696507861532e-07,0.0,14.0,8.0,96.0,0.0,10.0,118.0
18,Alpha,q975,0.00035066423370154015,0.0,14.0,8.0,96.0,0.0,10.0,118.0
19,Alpha,mean,3.822425011380098e-05,0.0,40.0,9.0,200.0,0.0,2.0,249.0
19,Alpha,q025,2.574662549403615e-07,0.0,40.0,9.0,200.0,0.0,2.0,249.0
19,Alpha,q975,0.000228663679663315,0.0,40.0,9.0,200.0,0.0,2.0,249.0
20,Alpha,mean,2.3286542342474285e-05,0.0,23.0,10.0,111.0,0.0,1.0,144.0
20,Alpha,q025,1.084793300203443e-07,0.0,23.0,10.0,111.0,0.0,1.0,144.0
20,Alpha,q975,0.00014715542237480006,0.0,23.0,10.0,111.0,0.0,1.0,144.0
21,Alpha,mean,1.3939390369139838e-05,0.0,18.0,5.0,59.0,0.0,2.0,82.0
21,Alpha,q025,4.546994365260368e-08,0.0,18.0,5.0,59.0,0.0,2.0,82.0
21,Alpha,q975,9.21364044732813e-05,0.0,18.0,5.0,59.0,0.0,2.0,82.0
22,Alpha,mean,8.15920621473823e-06,0.0,50.0,4.0,55.0,0.0,2.0,109.0
22,Alpha,q025,1.8694004180900787e-08,0.0,50.0,4.0,55.0,0.0,2.0,109.0
22,Alpha,q975,5.5686331085046174e-05,0.0,50.0,4.0,55.0,0.0,2.0,109.0
23,Alpha,mean,4.651138190466331e-06,0.0,7.0,0.0,12.0,0.0,0.0,19.0
23,Alpha,q025,7.3194438882000205e-09,0.0,7.0,0.0,12.0,0.0,0.0,19.0
23,Alpha,q975,3.3219530678664025e-05,0.0,7.0,0.0,12.0,0.0,0.0,19.0
24,Alpha,mean,2.5759060093084287e-06,0.0,21.0,1.0,14.0,0.0,0.0,36.0
24,Alpha,q025,2.6692630648607882e-09,0.0,21.0,1.0,14.0,0.0,0.0,36.0
24,Alpha,q975,1.8787166301151565e-05,0.0,21.0,1.0,14.0,0.0,0.0,36.0
25,Alpha,mean,1.3856921768762593e-06,0.0,49.0,2.0,16.0,0.0,0.0,67.0
25,Alpha,q025,9.29675025784505e-10,0.0,49.0,2.0,16.0,0.0,0.0,67.0
25,Alpha,q975,1.0006621495822368e-05,0.0,49.0,2.0,16.0,0.0,0.0,67.0
26,Alpha,mean,7.255052172948042e-07,0.0,66.0,2.0,23.0,0.0,1.0,91.0
26,Alpha,q025,3.2488820298214456e-10,0.0,66.0,2.0,23.0,0.0,1.0,91.0
26,Alpha,q975,5.345315738116713e-06,0.0,66.0,2.0,23.0,0.0,1.0,91.0
27,Alpha,mean,3.710723264647276e-07,0.0,86.0,1.0,19.0,0.0,1.0,106.0
27,Alpha,q025,1.0991050696529286e-10,0.0,86.0,1.0,19.0,0.0,1.0,106.0
27,Alpha,q975,2.77655719666478e-06,0.0,86.0,1.0,19.0,0.0,1.0,106.0
28,Alpha,mean,1.8625495844082266e-07,0.0,98.0,1.0,21.0,0.0,0.0,120.0
28,Alpha,q025,3.7599495443893115e-11,0.0,98.0,1.0,21.0,0.0,0.0,120.0
28,Alpha,q975,1.3977697291994515e-06,0.0,98.0,1.0,21.0,0.0,0.0,120.0
29,Alpha,mean,9.217481799356613e-08,0.0,39.0,1.0,11.0,0.0,1.0,51.0
29,Alpha,q025,1.2582555259597736e-11,0.0,39.0,1.0,11.0,0.0,1.0,51.0
29,Alpha,q975,6.90679169632641e-07,0.0,39.0,1.0,11.0,0.0,1.0,51.0
30,Alpha,mean,4.516393615393377e-08,0.0,33.0,0.0,4.0,0.0,2.0,37.0
30,Alpha,q025,3.933550766028861e-12,0.0,33.0,0.0,4.0,0.0,2.0,37.0
30,Alpha,q975,3.371593952894929e-07,0.0,33.0,0.0,4.0,0.0,2.0,37.0
31,Alpha,mean,2.1985364950758033e-08,0.0,28.0,0.0,3.0,0.0,0.0,31.0
31,Alpha,q025,1.2622555223102439e-12,0.0,28.0,0.0,3.0,0.0,0.0,31.0
31,Alpha,q975,1.6500345907031677e-07,0.0,28.0,0.0,3.0,0.0,0.0,31.0
32,Alpha,mean,1.0659278441418808e-08,0.0,72.0,0.0,2.0,0.0,1.0,74.0
32,Alpha,q025,3.9439040432494607e-13,0.0,72.0,0.0,2.0,0.0,1.0,74.0
32,Alpha,q975,7.964046861078084e-08,0.0,72.0,0.0,2.0,0.0,1.0,74.0
33,Alpha,mean,5.154199724906954e-09,0.0,88.0,0.0,3.0,0.0,1.0,91.0
33,Alpha,q025,1.2358576346102336e-13,0.0,88.0,0.0,3.0,0.0,1.0,91.0
33,Alpha,q975,3.8176298095466595e-08,0.0,88.0,0.0,3.0,0.0,1.0,91.0
34,Alpha,mean,2.483941531864776e-09,0.0,74.0,0.0,2.0,0.0,0.0,76.0
34,Alpha,q025,3.8815787329567633e-14,0.0,74.0,0.0,2.0,0.0,0.0,76.0
34,Alpha,q975,1.814984374530007e-08,0.0,74.0,0.0,2.0,0.0,0.0,76.0
35,Alpha,mean,1.1863842552212764e-09,0.0,85.0,0.0,2.0,0.0,0.0,87.0
35,Alpha,q025,1.2063915408643408e-14,0.0,85.0,0.0,2.0,0.0,0.0,87.0
35,Alpha,q975,8.430139779717061e-09,0.0,85.0,0.0,2.0,0.0,0.0,87.0
36,Alpha,mean,5.508373956184996e-10,0.0,87.0,0.0,0.0,0.0,2.0,87.0
36,Alpha,q025,3.649914023012311e-15,0.0,87.0,0.0,0.0,0.0,2.0,87.0
36,Alpha,q975,3.764729842974679e-09,0.0,87.0,0.0,0.0,0.0,2.0,87.0
37,Alpha,mean,2.355530466178723e-10,0.0,42.0,0.0,1.0,8.0,1.0,51.0
37,Alpha,q025,9.893819963761721e-16,0.0,42.0,0.0,1.0,8.0,1.0,51.0
37,Alpha,q975,1.5380673488622203e-09,0.0,42.0,0.0,1.0,8.0,1.0,51.0
38,Alpha,mean,8.298015035609163e-11,0.0,84.0,0.0,1.0,36.0,8.0,121.0
38,Alpha,q025,2.2404557234004403e-16,0.0,84.0,0.0,1.0,36.0,8.0,121.0
38,Alpha,q975,5.046221832272029e-10,0.0,84.0,0.0,1.0,36.0,8.0,121.0
39,Alpha,mean,2.1529375303518258e-11,0.0,22.0,0.0,0.0,69.0,10.0,91.0
39,Alpha,q025,3.808168320637986e-17,0.0,22.0,0.0,0.0,69.0,10.0,91.0
39,Alpha,q975,1.214665922182306e-10,0.0,22.0,0.0,0.0,69.0,10.0,91.0
40,Alpha,mean,4.2369677855420354e-12,0.0,3.0,0.0,0.0,126.0,25.0,129.0
40,Alpha,q025,4.699283103488319e-18,0.0,3.0,0.0,0.0,126.0,25.0,129.0
40,Alpha,q975,2.2290369353137812e-11,0.0,3.0,0.0,0.0,126.0,25.0,129.0
41,Alpha,mean,7.201704843846404e-13,0.0,7.0,0.0,0.0,216.0,31.0,223.0
41,Alpha,q025,4.992244178168919e-19,0.0,7.0,0.0,0.0,216.0,31.0,223.0
41,Alpha,q975,3.70176779114946e-12,0.0,7.0,0.0,0.0,216.0,31.0,223.0
42,Alpha,mean,1.160456527830655e-13,0.0,0.0,0.0,0.0,35.0,5.0,35.0
42,Alpha,q025,4.8531780611990504e-20,0.0,0.0,0.0,0.0,35.0,5.0,35.0
42,Alpha,q975,6.32386218001338e-13,0.0,0.0,0.0,0.0,35.0,5.0,35.0
43,Alpha,mean,1.844186365626553e-14,0.0,0.0,0.0,0.0,57.0,5.0,57.0
43,Alpha,q025,4.598315108745836e-21,0.0,0.0,0.0,0.0,57.0,5.0,57.0
43,Alpha,q975,9.419210841181255e-14,0.0,0.0,0.0,0.0,57.0,5.0,57.0
44,Alpha,mean,2.930140579653924e-15,0.0,0.0,0.0,0.0,20.0,0.0,20.0
44,Alpha,q025,4.395426461829517e-22,0.0,0.0,0.0,0.0,20.0,0.0,20.0
44,Alpha,q975,1.393691675679291e-14,0.0,0.0,0.0,0.0,20.0,0.0,20.0
45,Alpha,mean,4.674476132707998e-16,0.0,0.0,0.0,0.0,94.0,4.0,94.0
45,Alpha,q025,4.263344948831561e-23,0.0,0.0,0.0,0.0,94.0,4.0,94.0
45,Alpha,q975,2.154165212437395e-15,0.0,0.0,0.0,0.0,94.0,4.0,94.0
46,Alpha,mean,7.496160658888203e-17,0.0,0.0,0.0,0.0,90.0,11.0,90.0
46,Alpha,q025,3.93283984343943e-24,0.0,0.0,0.0,0.0,90.0,11.0,90.0
46,Alpha,q975,3.3294026342738394e-16,0.0,0.0,0.0,0.0,90.0,11.0,90.0
47,Alpha,mean,1.2085602011133025e-17,0.0,0.0,0.0,0.0,41.0,4.0,41.0
47,Alpha,q025,3.8441508260111785e-25,0.0,0.0,0.0,0.0,41.0,4.0,41.0
47,Alpha,q975,4.8223430384345707e-17,0.0,0.0,0.0,0.0,41.0,4.0,41.0
48,Alpha,mean,1.958586232039131e-18,0.0,0.0,0.0,0.0,61.0,5.0,61.0
48,Alpha,q025,3.601115144132854e-26,0.0,0.0,0.0,0.0,61.0,5.0,61.0
48,Alpha,q975,6.9310445539779524e-18,0.0,0.0,0.0,0.0,61.0,5.0,61.0
49,Alpha,mean,3.189630937810513e-19,0.0,0.0,0.0,0.0,31.0,3.0,31.0
49,Alpha,q025,3.43490133936364e-27,0.0,0.0,0.0,0.0,31.0,3.0,31.0
49,Alpha,q975,1.024688316356213e-18,0.0,0.0,0.0,0.0,31.0,3.0,31.0
50,Alpha,mean,5.218296534367943e-20,0.0,0.0,0.0,0.0,115.0,6.0,115.0
50,Alpha,q025,3.286777780966485e-28,0.0,0.0,0.0,0.0,115.0,6.0,115.0
50,Alpha,q975,1.503645158124759e-19,0.0,0.0,0.0,0.0,115.0,6.0,115.0
51,Alpha,mean,8.573827930470375e-21,0.0,0.0,0.0,0.0,76.0,4.0,76.0
51,Alpha,q025,2.9273875902904546e-29,0.0,0.0,0.0,0.0,76.0,4.0,76.0
51,Alpha,q975,2.2449904236156523e-20,0.0,0.0,0.0,0.0,76.0,4.0,76.0
52,Alpha,mean,1.414325392085794e-21,0.0,1.0,0.0,0.0,104.0,12.0,105.0
52,Alpha,q025,2.7162598596185497e-30,0.0,1.0,0.0,0.0,104.0,12.0,105.0
52,Alpha,q975,3.2608530541391322e-21,0.0,1.0,0.0,0.0,104.0,12.0,105.0
53,Alpha,mean,2.3416860451454537e-22,0.0,0.0,0.0,0.0,19.0,3.0,19.0
53,Alpha,q025,2.5303514441825843e-31,0.0,0.0,0.0,0.0,19.0,3.0,19.0
53,Alpha,q975,4.73153141096739e-22,0.0,0.0,0.0,0.0,19.0,3.0,19.0
54,Alpha,mean,3.8904060889796875e-23,0.0,0.0,0.0,0.0,61.0,24.0,61.0
54,Alpha,q025,2.3584133752032348e-32,0.0,0.0,0.0,0.0,61.0,24.0,61.0
54,Alpha,q975,6.879038823747087e-23,0.0,0.0,0.0,0.0,61.0,24.0,61.0
55,Alpha,mean,6.48390531489124e-24,0.0,0.0,0.0,0.0,62.0,33.0,62.0
55,Alpha,q025,2.3017171903506572e-33,0.0,0.0,0.0,0.0,62.0,33.0,62.0
55,Alpha,q975,1.0467102032879782e-23,0.0,0.0,0.0,0.0,62.0,33.0,62.0
56,Alpha,mean,1.0837992986519353e-24,0.0,0.0,0.0,0.0,71.0,50.0,71.0
56,Alpha,q025,2.134467382740064e-34,0.0,0.0,0.0,0.0,71.0,50.0,71.0
56,Alpha,q975,1.593877552521979e-24,0.0,0.0,0.0,0.0,71.0,50.0,71.0
57,Alpha,mean,1.8164903264102312e-25,0.0,0.0,0.0,0.0,96.0,36.0,96.0
57,Alpha,q025,2.031882463099899e-35,0.0,0.0,0.0,0.0,96.0,36.0,96.0
57,Alpha,q975,2.424633774820413e-25,0.0,0.0,0.0,0.0,96.0,36.0,96.0
58,Alpha,mean,3.052090232115121e-26,0.0,0.0,0.0,0.0,18.0,9.0,18.0
58,Alpha,q025,1.9349962446212184e-36,0.0,0.0,0.0,0.0,18.0,9.0,18.0
58,Alpha,q975,3.6552226909950836e-26,0.0,0.0,0.0,0.0,18.0,9.0,18.0
59,Alpha,mean,5.139916911249203e-27,0.0,0.0,0.0,0.0,68.0,6.0,68.0
59,Alpha,q025,1.8218584608579223e-37,0.0,0.0,0.0,0.0,68.0,6.0,68.0
59,Alpha,q975,5.5525712258784265e-27,0.0,0.0,0.0,0.0,68.0,6.0,68.0
60,Alpha,mean,8.674208319015268e-28,0.0,0.0,0.0,0.0,50.0,6.0,50.0
60,Alpha,q025,1.718552463896748e-38,0.0,0.0,0.0,0.0,50.0,6.0,50.0
60,Alpha,q975,8.467167964716764e-28,0.0,0.0,0.0,0.0,50.0,6.0,50.0
61,Alpha,mean,1.4667129596090851e-28,0.0,0.0,0.0,0.0,76.0,4.0,76.0
61,Alpha,q025,1.6214319476200565e-39,0.0,0.0,0.0,0.0,76.0,4.0,76.0
61,Alpha,q975,1.3108027962586785e-28,0.0,0.0,0.0,0.0,76.0,4.0,76.0
62,Alpha,mean,2.4844721158815923e-29,0.0,0.0,0.0,0.0,5.0,2.0,5.0
62,Alpha,q025,1.531921924429034e-40,0.0,0.0,0.0,0.0,5.0,2.0,5.0
62,Alpha,q975,2.007405839389446e-29,0.0,0.0,0.0,0.0,5.0,2.0,5.0
63,Alpha,mean,4.215357375390481e-30,0.0,2.0,0.0,0.0,70.0,22.0,72.0
63,Alpha,q025,1.5122554813886982e-41,0.0,2.0,0.0,0.0,70.0,22.0,72.0
63,Alpha,q975,3.057947884814578e-30,0.0,2.0,0.0,0.0,70.0,22.0,72.0
64,Alpha,mean,7.162894736954534e-31,0.0,0.0,0.0,0.0,82.0,16.0,82.0
64,Alpha,q025,1.5158041997022566e-42,0.0,0.0,0.0,0.0,82.0,16.0,82.0
64,Alpha,q975,4.703649366060245e-31,0.0,0.0,0.0,0.0,82.0,16.0,82.0
65,Alpha,mean,1.2188324138761204e-31,0.0,0.0,0.0,0.0,144.0,1.0,144.0
65,Alpha,q025,1.4055558953317974e-43,0.0,0.0,0.0,0.0,144.0,1.0,144.0
65,Alpha,q975,7.206658105016474e-32,0.0,0.0,0.0,0.0,144.0,1.0,144.0
66,Alpha,mean,2.076598118013712e-32,0.0,0.0,0.0,0.0,49.0,0.0,49.0
66,Alpha,q025,1.319605387249807e-44,0.0,0.0,0.0,0.0,49.0,0.0,49.0
66,Alpha,q975,1.102868982993602e-32,0.0,0.0,0.0,0.0,49.0,0.0,49.0
67,Alpha,mean,3.542173460299924e-33,0.0,0.0,0.0,0.0,49.0,4.0,49.0
67,Alpha,q025,1.2714072034451814e-45,0.0,0.0,0.0,0.0,49.0,4.0,49.0
67,Alpha,q975,1.6859530469737628e-33,0.0,0.0,0.0,0.0,49.0,4.0,49.0
68,Alpha,mean,6.0486124787510135e-34,0.0,0.0,0.0,0.0,38.0,1.0,38.0
68,Alpha,q025,1.2048078286587509e-46,0.0,0.0,0.0,0.0,38.0,1.0,38.0
68,Alpha,q975,2.4937335737324785e-34,0.0,0.0,0.0,0.0,38.0,1.0,38.0
69,Alpha,mean,1.0338878017080698e-34,0.0,0.0,0.0,0.0,35.0,1.0,35.0
69,Alpha,q025,1.0852182274860494e-47,0.0,0.0,0.0,0.0,35.0,1.0,35.0
69,Alpha,q975,3.729471398816827e-35,0.0,0.0,0.0,0.0,35.0,1.0,35.0
0,Delta,mean,7.354986410772569e-05,2.0,0.0,4.0,6.0,0.0,5.0,12.0
0,Delta,q025,3.4520748513625534e-05,2.0,0.0,4.0,6.0,0.0,5.0,12.0
0,Delta,q975,0.000133888769609285,2.0,0.0,4.0,6.0,0.0,5.0,12.0
1,Delta,mean,0.00012791801993293627,3.0,0.0,4.0,4.0,0.0,15.0,11.0
1,Delta,q025,6.49487524866881e-05,3.0,0.0,4.0,4.0,0.0,15.0,11.0
1,Delta,q975,0.00022404880719434752,3.0,0.0,4.0,4.0,0.0,15.0,11.0
2,Delta,mean,0.00021158410035473173,6.0,0.0,17.0,23.0,0.0,21.0,46.0
2,Delta,q025,0.000113437086388235,6.0,0.0,17.0,23.0,0.0,21.0,46.0
2,Delta,q975,0.00035967388325938005,6.0,0.0,17.0,23.0,0.0,21.0,46.0
3,Delta,mean,0.0003368868935378607,10.0,0.0,10.0,36.0,0.0,10.0,56.0
3,Delta,q025,0.000186581105833475,10.0,0.0,10.0,36.0,0.0,10.0,56.0
3,Delta,q975,0.0005571215483174151,10.0,0.0,10.0,36.0,0.0,10.0,56.0
4,Delta,mean,0.0005224355186287819,1.0,0.0,15.0,33.0,0.0,12.0,49.0
4,Delta,q025,0.0002996919255857325,1.0,0.0,15.0,33.0,0.0,12.0,49.0
4,Delta,q975,0.000840331932050405,1.0,0.0,15.0,33.0,0.0,12.0,49.0
5,Delta,mean,0.0007960959652816543,0.0,0.0,11.0,31.0,0.0,9.0,42.0
5,Delta,q025,0.0004701874386701075,0.0,0.0,11.0,31.0,0.0,9.0,42.0
5,Delta,q975,0.0012550872599996726,0.0,0.0,11.0,31.0,0.0,9.0,42.0
6,Delta,mean,0.0011990090338098972,0.0,0.0,6.0,10.0,0.0,0.0,16.0
6,Delta,q025,0.0007291892941439725,0.0,0.0,6.0,10.0,0.0,0.0,16.0
6,Delta,q975,0.0018479441321893675,0.0,0.0,6.0,10.0,0.0,0.0,16.0
7,Delta,mean,0.0017913704299681325,0.0,1.0,11.0,26.0,0.0,15.0,38.0
7,Delta,q025,0.001120339303852595,0.0,1.0,11.0,26.0,0.0,15.0,38.0
7,Delta,q975,0.0027022820260559103,0.0,1.0,11.0,26.0,0.0,15.0,38.0
8,Delta,mean,0.0026607848442320257,0.0,1.0,8.0,11.0,0.0,7.0,20.0
8,Delta,q025,0.0017147919967875449,0.0,1.0,8.0,11.0,0.0,7.0,20.0
8,Delta,q975,0.00392406818338052,0.0,1.0,8.0,11.0,0.0,7.0,20.0
9,Delta,mean,0.00393421880672094,1.0,0.0,5.0,11.0,0.0,2.0,17.0
9,Delta,q025,0.00261280211119992,1.0,0.0,5.0,11.0,0.0,2.0,17.0
9,Delta,q975,0.005647694355546953,1.0,0.0,5.0,11.0,0.0,2.0,17.0
10,Delta,mean,0.005794896363335137,0.0,0.0,10.0,26.0,0.0,1.0,36.0
10,Delta,q025,0.0039572317668586775,0.0,0.0,10.0,26.0,0.0,1.0,36.0
10,Delta,q975,0.008114885541354679,0.0,0.0,10.0,26.0,0.0,1.0,36.0
11,Delta,mean,0.008505826165884512,0.0,0.0,1.0,14.0,0.0,1.0,15.0
11,Delta,q025,0.0059729588078985705,0.0,0.0,1.0,14.0,0.0,1.0,15.0
11,Delta,q975,0.011637393468134194,0.0,0.0,1.0,14.0,0.0,1.0,15.0
12,Delta,mean,0.012441876217116765,0.0,0.0,4.0,20.0,0.0,2.0,24.0
12,Delta,q025,0.008977289852003982,0.0,0.0,4.0,20.0,0.0,2.0,24.0
12,Delta,q975,0.016676332278333258,0.0,0.0,4.0,20.0,0.0,2.0,24.0
13,Delta,mean,0.018132113198799208,0.0,0.0,5.0,20.0,0.0,1.0,25.0
13,Delta,q025,0.013441896387168332,0.0,0.0,5.0,20.0,0.0,1.0,25.0
13,Delta,q975,0.0237944038875851,0.0,0.0,5.0,20.0,0.0,1.0,25.0
14,Delta,mean,0.026312851864451637,0.0,1.0,10.0,57.0,0.0,1.0,68.0
14,Delta,q025,0.020031658202560254,0.0,1.0,10.0,57.0,0.0,1.0,68.0
14,Delta,q975,0.033738278560858107,0.0,1.0,10.0,57.0,0.0,1.0,68.0
15,Delta,mean,0.037988306344222025,0.0,2.0,9.0,102.0,0.0,3.0,113.0
15,Delta,q025,0.02965323819266121,0.0,2.0,9.0,102.0,0.0,3.0,113.0
15,Delta,q975,0.04762886597364585,0.0,2.0,9.0,102.0,0.0,3.0,113.0
16,Delta,mean,0.054487931726866876,0.0,8.0,15.0,124.0,0.0,4.0,147.0
16,Delta,q025,0.043731291824684736,0.0,8.0,15.0,124.0,0.0,4.0,147.0
16,Delta,q975,0.06669114250026027,0.0,8.0,15.0,124.0,0.0,4.0,147.0
17,Delta,mean,0.0774950297762078,0.0,7.0,7.0,122.0,0.0,10.0,136.0
17,Delta,q025,0.06381143633312338,0.0,7.0,7.0,122.0,0.0,10.0,136.0
17,Delta,q975,0.0926554190163207,0.0,7.0,7.0,122.0,0.0,10.0,136.0
18,Delta,mean,0.10899883587573893,0.0,14.0,8.0,96.0,0.0,10.0,118.0
18,Delta,q025,0.09218994924980495,0.0,14.0,8.0,96.0,0.0,10.0,118.0
18,Delta,q975,0.12705529408566713,0.0,14.0,8.0,96.0,0.0,10.0,118.0
19,Delta,mean,0.15109758693349534,0.0,40.0,9.0,200.0,0.0,2.0,249.0
19,Delta,q025,0.13089629399875846,0.0,40.0,9.0,200.0,0.0,2.0,249.0
19,Delta,q975,0.17236353386429423,0.0,40.0,9.0,200.0,0.0,2.0,249.0
20,Delta,mean,0.20557462495828188,0.0,23.0,10.0,111.0,0.0,1.0,144.0
20,Delta,q025,0.1815786261118214,0.0,23.0,10.0,111.0,0.0,1.0,144.0
20,Delta,q975,0.22987558881295306,0.0,23.0,10.0,111.0,0.0,1.0,144.0
21,Delta,mean,0.2732273877274569,0.0,18.0,5.0,59.0,0.0,2.0,82.0
21,Delta,q025,0.24613969452485787,0.0,18.0,5.0,59.0,0.0,2.0,82.0
21,Delta,q975,0.3006957457077948,0.0,18.0,5.0,59.0,0.0,2.0,82.0
22,Delta,mean,0.35309292742913007,0.0,50.0,4.0,55.0,0.0,2.0,109.0
22,Delta,q025,0.3232682561380488,0.0,50.0,4.0,55.0,0.0,2.0,109.0
22,Delta,q975,0.3829200712112624,0.0,50.0,4.0,55.0,0.0,2.0,109.0
23,Delta,mean,0.441942817851978,0.0,7.0,0.0,12.0,0.0,0.0,19.0
23,Delta,q025,0.4103288097318212,0.0,7.0,0.0,12.0,0.0,0.0,19.0
23,Delta,q975,0.47326078624761053,0.0,7.0,0.0,12.0,0.0,0.0,19.0
24,Delta,mean,0.5345088294525696,0.0,21.0,1.0,14.0,0.0,0.0,36.0
24,Delta,q025,0.5012068488588798,0.0,21.0,1.0,14.0,0.0,0.0,36.0
24,Delta,q975,0.5678159431618478,0.0,21.0,1.0,14.0,0.0,0.0,36.0
25,Delta,mean,0.6246006840658521,0.0,49.0,2.0,16.0,0.0,0.0,67.0
25,Delta,q025,0.5908960410141977,0.0,49.0,2.0,16.0,0.0,0.0,67.0
25,Delta,q975,0.6585540867203998,0.0,49.0,2.0,16.0,0.0,0.0,67.0
26,Delta,mean,0.7066800296129702,0.0,66.0,2.0,23.0,0.0,1.0,91.0
26,Delta,q025,0.6740221146824318,0.0,66.0,2.0,23.0,0.0,1.0,91.0
26,Delta,q975,0.7390429591811827,0.0,66.0,2.0,23.0,0.0,1.0,91.0
27,Delta,mean,0.7770988805051887,0.0,86.0,1.0,19.0,0.0,1.0,106.0
27,Delta,q025,0.7467289832224477,0.0,86.0,1.0,19.0,0.0,1.0,106.0
27,Delta,q975,0.8067571608043672,0.0,86.0,1.0,19.0,0.0,1.0,106.0
28,Delta,mean,0.8344795834302214,0.0,98.0,1.0,21.0,0.0,0.0,120.0
28,Delta,q025,0.8071831772220358,0.0,98.0,1.0,21.0,0.0,0.0,120.0
28,Delta,q975,0.8604240267663782,0.0,98.0,1.0,21.0,0.0,0.0,120.0
29,Delta,mean,0.8793095216978182,0.0,39.0,1.0,11.0,0.0,1.0,51.0
29,Delta,q025,0.8555809631101639,0.0,39.0,1.0,11.0,0.0,1.0,51.0
29,Delta,q975,0.9013591828470603,0.0,39.0,1.0,11.0,0.0,1.0,51.0
30,Delta,mean,0.913183492079962,0.0,33.0,0.0,4.0,0.0,2.0,37.0
30,Delta,q025,0.8932895322051558,0.0,33.0,0.0,4.0,0.0,2.0,37.0
30,Delta,q975,0.9309589176778192,0.0,33.0,0.0,4.0,0.0,2.0,37.0
31,Delta,mean,0.9380789578240384,0.0,28.0,0.0,3.0,0.0,0.0,31.0
31,Delta,q025,0.9219601303060715,0.0,28.0,0.0,3.0,0.0,0.0,31.0
31,Delta,q975,0.9521015286230058,0.0,28.0,0.0,3.0,0.0,0.0,31.0
32,Delta,mean,0.9557991551778785,0.0,72.0,0.0,2.0,0.0,1.0,74.0
32,Delta,q025,0.9428766396687389,0.0,72.0,0.0,2.0,0.0,1.0,74.0
32,Delta,q975,0.9667580335439011,0.0,72.0,0.0,2.0,0.0,1.0,74.0
33,Delta,mean,0.9674462863972941,0.0,88.0,0.0,3.0,0.0,1.0,91.0
33,Delta,q025,0.9572064476640226,0.0,88.0,0.0,3.0,0.0,1.0,91.0
33,Delta,q975,0.9760355315782074,0.0,88.0,0.0,3.0,0.0,1.0,91.0
34,Delta,mean,0.9724204973621395,0.0,74.0,0.0,2.0,0.0,0.0,76.0
34,Delta,q025,0.9633208092690939,0.0,74.0,0.0,2.0,0.0,0.0,76.0
34,Delta,q975,0.9798992808692056,0.0,74.0,0.0,2.0,0.0,0.0,76.0
35,Delta,mean,0.9656045088391283,0.0,85.0,0.0,2.0,0.0,0.0,87.0
35,Delta,q025,0.9524424283743032,0.0,85.0,0.0,2.0,0.0,0.0,87.0
35,Delta,q975,0.9756367207106,0.0,85.0,0.0,2.0,0.0,0.0,87.0
36,Delta,mean,0.929781321867396,0.0,87.0,0.0,0.0,0.0,2.0,87.0
36,Delta,q025,0.9040976417959318,0.0,87.0,0.0,0.0,0.0,2.0,87.0
36,Delta,q975,0.9510078735962252,0.0,87.0,0.0,0.0,0.0,2.0,87.0
37,Delta,mean,0.8230033530918275,0.0,42.0,0.0,1.0,8.0,1.0,51.0
37,Delta,q025,0.7801179078641668,0.0,42.0,0.0,1.0,8.0,1.0,51.0
37,Delta,q975,0.863795907381331,0.0,42.0,0.0,1.0,8.0,1.0,51.0
38,Delta,mean,0.5978265173674593,0.0,84.0,0.0,1.0,36.0,8.0,121.0
38,Delta,q025,0.5440640519177166,0.0,84.0,0.0,1.0,36.0,8.0,121.0
38,Delta,q975,0.6521490175817142,0.0,84.0,0.0,1.0,36.0,8.0,121.0
39,Delta,mean,0.3169164810518494,0.0,22.0,0.0,0.0,69.0,10.0,91.0
39,Delta,q025,0.269988039628872,0.0,22.0,0.0,0.0,69.0,10.0,91.0
39,Delta,q975,0.36515629730112575,0.0,22.0,0.0,0.0,69.0,10.0,91.0
40,Delta,mean,0.1262194158686822,0.0,3.0,0.0,0.0,126.0,25.0,129.0
40,Delta,q025,0.0950025387427524,0.0,3.0,0.0,0.0,126.0,25.0,129.0
40,Delta,q975,0.159647962648629,0.0,3.0,0.0,0.0,126.0,25.0,129.0
41,Delta,mean,0.04319031329340505,0.0,7.0,0.0,0.0,216.0,31.0,223.0
41,Delta,q025,0.02826331155574847,0.0,7.0,0.0,0.0,216.0,31.0,223.0
41,Delta,q975,0.060949637844461835,0.0,7.0,0.0,0.0,216.0,31.0,223.0
42,Delta,mean,0.013970980621047971,0.0,0.0,0.0,0.0,35.0,5.0,35.0
42,Delta,q025,0.007822945152176007,0.0,0.0,0.0,0.0,35.0,5.0,35.0
42,Delta,q975,0.021982436848531812,0.0,0.0,0.0,0.0,35.0,5.0,35.0
43,Delta,mean,0.004447632156858716,0.0,0.0,0.0,0.0,57.0,5.0,57.0
43,Delta,q025,0.002131486833802305,0.0,0.0,0.0,0.0,57.0,5.0,57.0
43,Delta,q975,0.007809814243903018,0.0,0.0,0.0,0.0,57.0,5.0,57.0
44,Delta,mean,0.001413031350873829,0.0,0.0,0.0,0.0,20.0,0.0,20.0
44,Delta,q025,0.0005706927424963925,0.0,0.0,0.0,0.0,20.0,0.0,20.0
44,Delta,q975,0.002729686715183268,0.0,0.0,0.0,0.0,20.0,0.0,20.0
45,Delta,mean,0.0004500566101657246,0.0,0.0,0.0,0.0,94.0,4.0,94.0
45,Delta,q025,0.0001527397315739125,0.0,0.0,0.0,0.0,94.0,4.0,94.0
45,Delta,q975,0.0009594015483078755,0.0,0.0,0.0,0.0,94.0,4.0,94.0
46,Delta,mean,0.0001439129654126271,0.0,0.0,0.0,0.0,90.0,11.0,90.0
46,Delta,q025,4.1184249722983405e-05,0.0,0.0,0.0,0.0,90.0,11.0,90.0
46,Delta,q975,0.00034069264587870254,0.0,0.0,0.0,0.0,90.0,11.0,90.0
47,Delta,mean,4.6221061392103766e-05,0.0,0.0,0.0,0.0,41.0,4.0,41.0
47,Delta,q025,1.1053069137448793e-05,0.0,0.0,0.0,0.0,41.0,4.0,41.0
47,Delta,q975,0.00011882829698518005,0.0,0.0,0.0,0.0,41.0,4.0,41.0
48,Delta,mean,1.4912008330385024e-05,0.0,0.0,0.0,0.0,61.0,5.0,61.0
48,Delta,q025,2.97213446993711e-06,0.0,0.0,0.0,0.0,61.0,5.0,61.0
48,Delta,q975,4.2049151458147365e-05,0.0,0.0,0.0,0.0,61.0,5.0,61.0
49,Delta,mean,4.832724244862056e-06,0.0,0.0,0.0,0.0,31.0,3.0,31.0
49,Delta,q025,7.919815133304045e-07,0.0,0.0,0.0,0.0,31.0,3.0,31.0
49,Delta,q975,1.484506941542318e-05,0.0,0.0,0.0,0.0,31.0,3.0,31.0
50,Delta,mean,1.573245267786997e-06,0.0,0.0,0.0,0.0,115.0,6.0,115.0
50,Delta,q025,2.1219773422439247e-07,0.0,0.0,0.0,0.0,115.0,6.0,115.0
50,Delta,q975,5.225751368797326e-06,0.0,0.0,0.0,0.0,115.0,6.0,115.0
51,Delta,mean,5.144391759491728e-07,0.0,0.0,0.0,0.0,76.0,4.0,76.0
51,Delta,q025,5.6970964820902685e-08,0.0,0.0,0.0,0.0,76.0,4.0,76.0
51,Delta,q975,1.8438520339133205e-06,0.0,0.0,0.0,0.0,76.0,4.0,76.0
52,Delta,mean,1.6896186092274747e-07,0.0,1.0,0.0,0.0,104.0,12.0,105.0
52,Delta,q025,1.5356416840551844e-08,0.0,1.0,0.0,0.0,104.0,12.0,105.0
52,Delta,q975,6.508774126854748e-07,0.0,1.0,0.0,0.0,104.0,12.0,105.0
53,Delta,mean,5.573714332599152e-08,0.0,0.0,0.0,0.0,19.0,3.0,19.0
53,Delta,q025,4.059970486035771e-09,0.0,0.0,0.0,0.0,19.0,3.0,19.0
53,Delta,q975,2.2792201579519265e-07,0.0,0.0,0.0,0.0,19.0,3.0,19.0
54,Delta,mean,1.8466616598427198e-08,0.0,0.0,0.0,0.0,61.0,24.0,61.0
54,Delta,q025,1.0860427761280528e-09,0.0,0.0,0.0,0.0,61.0,24.0,61.0
54,Delta,q975,8.013560539157026e-08,0.0,0.0,0.0,0.0,61.0,24.0,61.0
55,Delta,mean,6.144731373703627e-09,0.0,0.0,0.0,0.0,62.0,33.0,62.0
55,Delta,q025,2.904091087181096e-10,0.0,0.0,0.0,0.0,62.0,33.0,62.0
55,Delta,q975,2.8208772222143885e-08,0.0,0.0,0.0,0.0,62.0,33.0,62.0
56,Delta,mean,2.0534255260105494e-09,0.0,0.0,0.0,0.0,71.0,50.0,71.0
56,Delta,q025,7.775112593408855e-11,0.0,0.0,0.0,0.0,71.0,50.0,71.0
56,Delta,q975,9.975901687509925e-09,0.0,0.0,0.0,0.0,71.0,50.0,71.0
57,Delta,mean,6.891349808237892e-10,0.0,0.0,0.0,0.0,96.0,36.0,96.0
57,Delta,q025,2.0684029994285568e-11,0.0,0.0,0.0,0.0,96.0,36.0,96.0
57,Delta,q975,3.520506904740372e-09,0.0,0.0,0.0,0.0,96.0,36.0,96.0
58,Delta,mean,2.3225710055990143e-10,0.0,0.0,0.0,0.0,18.0,9.0,18.0
58,Delta,q025,5.533564334336756e-12,0.0,0.0,0.0,0.0,18.0,9.0,18.0
58,Delta,q975,1.2443152957806744e-09,0.0,0.0,0.0,0.0,18.0,9.0,18.0
59,Delta,mean,7.860758133353377e-11,0.0,0.0,0.0,0.0,68.0,6.0,68.0
59,Delta,q025,1.4898231020674838e-12,0.0,0.0,0.0,0.0,68.0,6.0,68.0
59,Delta,q975,4.363718995298994e-10,0.0,0.0,0.0,0.0,68.0,6.0,68.0
60,Delta,mean,2.6716724712668635e-11,0.0,0.0,0.0,0.0,50.0,6.0,50.0
60,Delta,q025,3.998715744254211e-13,0.0,0.0,0.0,0.0,50.0,6.0,50.0
60,Delta,q975,1.5448800819488023e-10,0.0,0.0,0.0,0.0,50.0,6.0,50.0
61,Delta,mean,9.11841101448211e-12,0.0,0.0,0.0,0.0,76.0,4.0,76.0
61,Delta,q025,1.066842752438416e-13,0.0,0.0,0.0,0.0,76.0,4.0,76.0
61,Delta,q975,5.473116642942946e-11,0.0,0.0,0.0,0.0,76.0,4.0,76.0
62,Delta,mean,3.1251236707585725e-12,0.0,0.0,0.0,0.0,5.0,2.0,5.0
62,Delta,q025,2.854223298485414e-14,0.0,0.0,0.0,0.0,5.0,2.0,5.0
62,Delta,q975,1.9324651435457272e-11,0.0,0.0,0.0,0.0,5.0,2.0,5.0
63,Delta,mean,1.0755318124501603e-12,0.0,2.0,0.0,0.0,70.0,22.0,72.0
63,Delta,q025,7.652765126000478e-15,0.0,2.0,0.0,0.0,70.0,22.0,72.0
63,Delta,q975,6.8189057188745705e-12,0.0,2.0,0.0,0.0,70.0,22.0,72.0
64,Delta,mean,3.7169271838265614e-13,0.0,0.0,0.0,0.0,82.0,16.0,82.0
64,Delta,q025,2.0675965521484104e-15,0.0,0.0,0.0,0.0,82.0,16.0,82.0
64,Delta,q975,2.3999771761517767e-12,0.0,0.0,0.0,0.0,82.0,16.0,82.0
65,Delta,mean,1.2898729453798906e-13,0.0,0.0,0.0,0.0,144.0,1.0,144.0
65,Delta,q025,5.586171211598142e-16,0.0,0.0,0.0,0.0,144.0,1.0,144.0
65,Delta,q975,8.45636898330171e-13,0.0,0.0,0.0,0.0,144.0,1.0,144.0
66,Delta,mean,4.494792229920771e-14,0.0,0.0,0.0,0.0,49.0,0.0,49.0
66,Delta,q025,1.5092587555278686e-16,0.0,0.0,0.0,0.0,49.0,0.0,49.0
66,Delta,q975,2.9774089941124715e-13,0.0,0.0,0.0,0.0,49.0,0.0,49.0
67,Delta,mean,1.572787052958767e-14,0.0,0.0,0.0,0.0,49.0,4.0,49.0
67,Delta,q025,4.07768970387863e-17,0.0,0.0,0.0,0.0,49.0,4.0,49.0
67,Delta,q975,1.0462153861777032e-13,0.0,0.0,0.0,0.0,49.0,4.0,49.0
68,Delta,mean,5.526185104004381e-15,0.0,0.0,0.0,0.0,38.0,1.0,38.0
68,Delta,q025,1.098118678960671e-17,0.0,0.0,0.0,0.0,38.0,1.0,38.0
68,Delta,q975,3.6810008584206255e-14,0.0,0.0,0.0,0.0,38.0,1.0,38.0
69,Delta,mean,1.949724002054654e-15,0.0,0.0,0.0,0.0,35.0,1.0,35.0
69,Delta,q025,2.9326596178715737e-18,0.0,0.0,0.0,0.0,35.0,1.0,35.0
69,Delta,q975,1.3013975129370052e-14,0.0,0.0,0.0,0.0,35.0,1.0,35.0
0,Gamma,mean,0.2925300924517974,2.0,0.0,4.0,6.0,0.0,5.0,12.0
0,Gamma,q025,0.20897363082349465,2.0,0.0,4.0,6.0,0.0,5.0,12.0
0,Gamma,q975,0.3738722228656578,2.0,0.0,4.0,6.0,0.0,5.0,12.0
1,Gamma,mean,0.3148487795941236,3.0,0.0,4.0,4.0,0.0,15.0,11.0
1,Gamma,q025,0.2500323477140518,3.0,0.0,4.0,4.0,0.0,15.0,11.0
1,Gamma,q975,0.3820647105277119,3.0,0.0,4.0,4.0,0.0,15.0,11.0
2,Gamma,mean,0.3222242277293689,6.0,0.0,17.0,23.0,0.0,21.0,46.0
2,Gamma,q025,0.26526085305991737,6.0,0.0,17.0,23.0,0.0,21.0,46.0
2,Gamma,q975,0.3807522914355426,6.0,0.0,17.0,23.0,0.0,21.0,46.0
3,Gamma,mean,0.31736078613906127,10.0,0.0,10.0,36.0,0.0,10.0,56.0
3,Gamma,q025,0.26452432829473205,10.0,0.0,10.0,36.0,0.0,10.0,56.0
3,Gamma,q975,0.3713789946194607,10.0,0.0,10.0,36.0,0.0,10.0,56.0
4,Gamma,mean,0.3043491144013109,1.0,0.0,15.0,33.0,0.0,12.0,49.0
4,Gamma,q025,0.2557064106688966,1.0,0.0,15.0,33.0,0.0,12.0,49.0
4,Gamma,q975,0.3534228333129502,1.0,0.0,15.0,33.0,0.0,12.0,49.0
5,Gamma,mean,0.286717701564948,0.0,0.0,11.0,31.0,0.0,9.0,42.0
5,Gamma,q025,0.2424518366418313,0.0,0.0,11.0,31.0,0.0,9.0,42.0
5,Gamma,q975,0.332105384340247,0.0,0.0,11.0,31.0,0.0,9.0,42.0
6,Gamma,mean,0.2669014745274033,0.0,0.0,6.0,10.0,0.0,0.0,16.0
6,Gamma,q025,0.22756553176469446,0.0,0.0,6.0,10.0,0.0,0.0,16.0
6,Gamma,q975,0.30769848483333934,0.0,0.0,6.0,10.0,0.0,0.0,16.0
7,Gamma,mean,0.2464079821379556,0.0,1.0,11.0,26.0,0.0,15.0,38.0
7,Gamma,q025,0.2119137578225706,0.0,1.0,11.0,26.0,0.0,15.0,38.0
7,Gamma,q975,0.2825382793049792,0.0,1.0,11.0,26.0,0.0,15.0,38.0
8,Gamma,mean,0.2261167561134304,0.0,1.0,8.0,11.0,0.0,7.0,20.0
8,Gamma,q025,0.19583859391657976,0.0,1.0,8.0,11.0,0.0,7.0,20.0
8,Gamma,q975,0.2585559528017598,0.0,1.0,8.0,11.0,0.0,7.0,20.0
9,Gamma,mean,0.20651818150862034,1.0,0.0,5.0,11.0,0.0,2.0,17.0
9,Gamma,q025,0.17961492165032295,1.0,0.0,5.0,11.0,0.0,2.0,17.0
9,Gamma,q975,0.23573693997633616,1.0,0.0,5.0,11.0,0.0,2.0,17.0
10,Gamma,mean,0.18786885286301103,0.0,0.0,10.0,26.0,0.0,1.0,36.0
10,Gamma,q025,0.16406541693187152,0.0,0.0,10.0,26.0,0.0,1.0,36.0
10,Gamma,q975,0.21413890595296245,0.0,0.0,10.0,26.0,0.0,1.0,36.0
11,Gamma,mean,0.17028474843616898,0.0,0.0,1.0,14.0,0.0,1.0,15.0
11,Gamma,q025,0.1488259447293197,0.0,0.0,1.0,14.0,0.0,1.0,15.0
11,Gamma,q975,0.19349640149674754,0.0,0.0,1.0,14.0,0.0,1.0,15.0
12,Gamma,mean,0.1537953659659875,0.0,0.0,4.0,20.0,0.0,2.0,24.0
12,Gamma,q025,0.13410099872329823,0.0,0.0,4.0,20.0,0.0,2.0,24.0
12,Gamma,q975,0.17494294567939653,0.0,0.0,4.0,20.0,0.0,2.0,24.0
13,Gamma,mean,0.13837509552049312,0.0,0.0,5.0,20.0,0.0,1.0,25.0
13,Gamma,q025,0.12000501984728423,0.0,0.0,5.0,20.0,0.0,1.0,25.0
13,Gamma,q975,0.15790689537495967,0.0,0.0,5.0,20.0,0.0,1.0,25.0
14,Gamma,mean,0.1239619536725772,0.0,1.0,10.0,57.0,0.0,1.0,68.0
14,Gamma,q025,0.10678635301429101,0.0,1.0,10.0,57.0,0.0,1.0,68.0
14,Gamma,q975,0.14222309136081082,0.0,1.0,10.0,57.0,0.0,1.0,68.0
15,Gamma,mean,0.11046986469718668,0.0,2.0,9.0,102.0,0.0,3.0,113.0
15,Gamma,q025,0.09429583347893931,0.0,2.0,9.0,102.0,0.0,3.0,113.0
15,Gamma,q975,0.12782154434913667,0.0,2.0,9.0,102.0,0.0,3.0,113.0
16,Gamma,mean,0.09779854394044359,0.0,8.0,15.0,124.0,0.0,4.0,147.0
16,Gamma,q025,0.08249390115034538,0.0,8.0,15.0,124.0,0.0,4.0,147.0
16,Gamma,q975,0.11396919009552779,0.0,8.0,15.0,124.0,0.0,4.0,147.0
17,Gamma,mean,0.08584405459380194,0.0,7.0,7.0,122.0,0.0,10.0,136.0
17,Gamma,q025,0.0714445996063436,0.0,7.0,7.0,122.0,0.0,10.0,136.0
17,Gamma,q975,0.10105403925457519,0.0,7.0,7.0,122.0,0.0,10.0,136.0
18,Gamma,mean,0.07451258627744022,0.0,14.0,8.0,96.0,0.0,10.0,118.0
18,Gamma,q025,0.06100206602136506,0.0,14.0,8.0,96.0,0.0,10.0,118.0
18,Gamma,q975,0.08913006309330974,0.0,14.0,8.0,96.0,0.0,10.0,118.0
19,Gamma,mean,0.06373905965809375,0.0,40.0,9.0,200.0,0.0,2.0,249.0
19,Gamma,q025,0.051194856275320715,0.0,40.0,9.0,200.0,0.0,2.0,249.0
19,Gamma,q975,0.07736689306427345,0.0,40.0,9.0,200.0,0.0,2.0,249.0
20,Gamma,mean,0.05350960335662675,0.0,23.0,10.0,111.0,0.0,1.0,144.0
20,Gamma,q025,0.04226953746790725,0.0,23.0,10.0,111.0,0.0,1.0,144.0
20,Gamma,q975,0.06598711917035423,0.0,23.0,10.0,111.0,0.0,1.0,144.0
21,Gamma,mean,0.043881845002208576,0.0,18.0,5.0,59.0,0.0,2.0,82.0
21,Gamma,q025,0.03388872868365405,0.0,18.0,5.0,59.0,0.0,2.0,82.0
21,Gamma,q975,0.05504095305244527,0.0,18.0,5.0,59.0,0.0,2.0,82.0
22,Gamma,mean,0.03499059167938772,0.0,50.0,4.0,55.0,0.0,2.0,109.0
22,Gamma,q025,0.026488347985063415,0.0,50.0,4.0,55.0,0.0,2.0,109.0
22,Gamma,q975,0.044794013357476875,0.0,50.0,4.0,55.0,0.0,2.0,109.0
23,Gamma,mean,0.027024708991034627,0.0,7.0,0.0,12.0,0.0,0.0,19.0
23,Gamma,q025,0.020023336517260234,0.0,7.0,0.0,12.0,0.0,0.0,19.0
23,Gamma,q975,0.035186491701316255,0.0,7.0,0.0,12.0,0.0,0.0,19.0
24,Gamma,mean,0.020171941788106756,0.0,21.0,1.0,14.0,0.0,0.0,36.0
24,Gamma,q025,0.014594917753335067,0.0,21.0,1.0,14.0,0.0,0.0,36.0
24,Gamma,q975,0.02693288168132504,0.0,21.0,1.0,14.0,0.0,0.0,36.0
25,Gamma,mean,0.01455099946093879,0.0,49.0,2.0,16.0,0.0,0.0,67.0
25,Gamma,q025,0.01029075116332215,0.0,49.0,2.0,16.0,0.0,0.0,67.0
25,Gamma,q975,0.019852780642794377,0.0,49.0,2.0,16.0,0.0,0.0,67.0
26,Gamma,mean,0.010165730214664942,0.0,66.0,2.0,23.0,0.0,1.0,91.0
26,Gamma,q025,0.006994988042054668,0.0,66.0,2.0,23.0,0.0,1.0,91.0
26,Gamma,q975,0.014229643082667616,0.0,66.0,2.0,23.0,0.0,1.0,91.0
27,Gamma,mean,0.006904991063843761,0.0,86.0,1.0,19.0,0.0,1.0,106.0
27,Gamma,q025,0.004605224061191477,0.0,86.0,1.0,19.0,0.0,1.0,106.0
27,Gamma,q975,0.009905052951178186,0.0,86.0,1.0,19.0,0.0,1.0,106.0
28,Gamma,mean,0.004581701363056875,0.0,98.0,1.0,21.0,0.0,0.0,120.0
28,Gamma,q025,0.00296390910853032,0.0,98.0,1.0,21.0,0.0,0.0,120.0
28,Gamma,q975,0.006755967083411778,0.0,98.0,1.0,21.0,0.0,0.0,120.0
29,Gamma,mean,0.0029842154914757526,0.0,39.0,1.0,11.0,0.0,1.0,51.0
29,Gamma,q025,0.0018674036723843326,0.0,39.0,1.0,11.0,0.0,1.0,51.0
29,Gamma,q975,0.004527402440257473,0.0,39.0,1.0,11.0,0.0,1.0,51.0
30,Gamma,mean,0.0019163420933746844,0.0,33.0,0.0,4.0,0.0,2.0,37.0
30,Gamma,q025,0.0011556936206896574,0.0,33.0,0.0,4.0,0.0,2.0,37.0
30,Gamma,q975,0.002995392050859803,0.0,33.0,0.0,4.0,0.0,2.0,37.0
31,Gamma,mean,0.001217658167500984,0.0,28.0,0.0,3.0,0.0,0.0,31.0
31,Gamma,q025,0.000710127908886115,0.0,28.0,0.0,3.0,0.0,0.0,31.0
31,Gamma,q975,0.0019583552367598276,0.0,28.0,0.0,3.0,0.0,0.0,31.0
32,Gamma,mean,0.0007676512999867482,0.0,72.0,0.0,2.0,0.0,1.0,74.0
32,Gamma,q025,0.000431541148439325,0.0,72.0,0.0,2.0,0.0,1.0,74.0
32,Gamma,q975,0.001271950310463225,0.0,72.0,0.0,2.0,0.0,1.0,74.0
33,Gamma,mean,0.0004809205101268431,0.0,88.0,0.0,3.0,0.0,1.0,91.0
33,Gamma,q025,0.000260130095668005,0.0,88.0,0.0,3.0,0.0,1.0,91.0
33,Gamma,q975,0.0008216922459511325,0.0,88.0,0.0,3.0,0.0,1.0,91.0
34,Gamma,mean,0.0002992859099161656,0.0,74.0,0.0,2.0,0.0,0.0,76.0
34,Gamma,q025,0.0001556447165084725,0.0,74.0,0.0,2.0,0.0,0.0,76.0
34,Gamma,q975,0.0005253134757146176,0.0,74.0,0.0,2.0,0.0,0.0,76.0
35,Gamma,mean,0.00018405750627749603,0.0,85.0,0.0,2.0,0.0,0.0,87.0
35,Gamma,q025,9.208049466134125e-05,0.0,85.0,0.0,2.0,0.0,0.0,87.0
35,Gamma,q975,0.00033241614256165,0.0,85.0,0.0,2.0,0.0,0.0,87.0
36,Gamma,mean,0.00010979702602431566,0.0,87.0,0.0,0.0,0.0,2.0,87.0
36,Gamma,q025,5.291148713922017e-05,0.0,87.0,0.0,0.0,0.0,2.0,87.0
36,Gamma,q975,0.0002038661717584375,0.0,87.0,0.0,0.0,0.0,2.0,87.0
37,Gamma,mean,6.022584695034037e-05,0.0,42.0,0.0,1.0,8.0,1.0,51.0
37,Gamma,q025,2.7862047523683263e-05,0.0,42.0,0.0,1.0,8.0,1.0,51.0
37,Gamma,q975,0.000114893911924385,0.0,42.0,0.0,1.0,8.0,1.0,51.0
38,Gamma,mean,2.7114056865710107e-05,0.0,84.0,0.0,1.0,36.0,8.0,121.0
38,Gamma,q025,1.1993701297382075e-05,0.0,84.0,0.0,1.0,36.0,8.0,121.0
38,Gamma,q975,5.355745823372592e-05,0.0,84.0,0.0,1.0,36.0,8.0,121.0
39,Gamma,mean,8.908770322676e-06,0.0,22.0,0.0,0.0,69.0,10.0,91.0
39,Gamma,q025,3.7740097444445995e-06,0.0,22.0,0.0,0.0,69.0,10.0,91.0
39,Gamma,q975,1.8067287238359988e-05,0.0,22.0,0.0,0.0,69.0,10.0,91.0
40,Gamma,mean,2.1993929428595175e-06,0.0,3.0,0.0,0.0,126.0,25.0,129.0
40,Gamma,q025,8.772151377666429e-07,0.0,3.0,0.0,0.0,126.0,25.0,129.0
40,Gamma,q975,4.696682086975336e-06,0.0,3.0,0.0,0.0,126.0,25.0,129.0
41,Gamma,mean,4.6665050917811314e-07,0.0,7.0,0.0,0.0,216.0,31.0,223.0
41,Gamma,q025,1.6644146833438715e-07,0.0,7.0,0.0,0.0,216.0,31.0,223.0
41,Gamma,q975,1.047713599628954e-06,0.0,7.0,0.0,0.0,216.0,31.0,223.0
42,Gamma,mean,9.362884497303505e-08,0.0,0.0,0.0,0.0,35.0,5.0,35.0
42,Gamma,q025,2.9305333471839283e-08,0.0,0.0,0.0,0.0,35.0,5.0,35.0
42,Gamma,q975,2.2442746047572266e-07,0.0,0.0,0.0,0.0,35.0,5.0,35.0
43,Gamma,mean,1.849398238722129e-08,0.0,0.0,0.0,0.0,57.0,5.0,57.0
43,Gamma,q025,5.013380134772057e-09,0.0,0.0,0.0,0.0,57.0,5.0,57.0
43,Gamma,q975,4.798327680100532e-08,0.0,0.0,0.0,0.0,57.0,5.0,57.0
44,Gamma,mean,3.64673237996043e-09,0.0,0.0,0.0,0.0,20.0,0.0,20.0
44,Gamma,q025,8.44562478058955e-10,0.0,0.0,0.0,0.0,20.0,0.0,20.0
44,Gamma,q975,1.0066835524848336e-08,0.0,0.0,0.0,0.0,20.0,0.0,20.0
45,Gamma,mean,7.210979303204365e-10,0.0,0.0,0.0,0.0,94.0,4.0,94.0
45,Gamma,q025,1.4123062219549137e-10,0.0,0.0,0.0,0.0,94.0,4.0,94.0
45,Gamma,q975,2.13294532706558e-09,0.0,0.0,0.0,0.0,94.0,4.0,94.0
46,Gamma,mean,1.431924983091929e-10,0.0,0.0,0.0,0.0,90.0,11.0,90.0
46,Gamma,q025,2.3988374009178067e-11,0.0,0.0,0.0,0.0,90.0,11.0,90.0
46,Gamma,q975,4.552663390094212e-10,0.0,0.0,0.0,0.0,90.0,11.0,90.0
47,Gamma,mean,2.8567016225536766e-11,0.0,0.0,0.0,0.0,41.0,4.0,41.0
47,Gamma,q025,4.087983686276415e-12,0.0,0.0,0.0,0.0,41.0,4.0,41.0
47,Gamma,q975,9.79788376887228e-11,0.0,0.0,0.0,0.0,41.0,4.0,41.0
48,Gamma,mean,5.726229635580492e-12,0.0,0.0,0.0,0.0,61.0,5.0,61.0
48,Gamma,q025,6.898561883076145e-13,0.0,0.0,0.0,0.0,61.0,5.0,61.0
48,Gamma,q975,2.12973874675366e-11,0.0,0.0,0.0,0.0,61.0,5.0,61.0
49,Gamma,mean,1.1532539470890303e-12,0.0,0.0,0.0,0.0,31.0,3.0,31.0
49,Gamma,q025,1.1487502145112574e-13,0.0,0.0,0.0,0.0,31.0,3.0,31.0
49,Gamma,q975,4.5985214521060625e-12,0.0,0.0,0.0,0.0,31.0,3.0,31.0
50,Gamma,mean,2.3335097105809075e-13,0.0,0.0,0.0,0.0,115.0,6.0,115.0
50,Gamma,q025,1.8840388507564417e-14,0.0,0.0,0.0,0.0,115.0,6.0,115.0
50,Gamma,q975,1.0092683702356548e-12,0.0,0.0,0.0,0.0,115.0,6.0,115.0
51,Gamma,mean,4.743425582391427e-14,0.0,0.0,0.0,0.0,76.0,4.0,76.0
51,Gamma,q025,3.0878306058940782e-15,0.0,0.0,0.0,0.0,76.0,4.0,76.0
51,Gamma,q975,2.2117736316650574e-13,0.0,0.0,0.0,0.0,76.0,4.0,76.0
52,Gamma,mean,9.68586103864175e-15,0.0,1.0,0.0,0.0,104.0,12.0,105.0
52,Gamma,q025,5.026040977351164e-16,0.0,1.0,0.0,0.0,104.0,12.0,105.0
52,Gamma,q975,4.838078987665531e-14,0.0,1.0,0.0,0.0,104.0,12.0,105.0
53,Gamma,mean,1.9866049463289165e-15,0.0,0.0,0.0,0.0,19.0,3.0,19.0
53,Gamma,q025,8.301957612537227e-17,0.0,0.0,0.0,0.0,19.0,3.0,19.0
53,Gamma,q975,1.0559934121647678e-14,0.0,0.0,0.0,0.0,19.0,3.0,19.0
54,Gamma,mean,4.092356280228268e-16,0.0,0.0,0.0,0.0,61.0,24.0,61.0
54,Gamma,q025,1.3684801866704008e-17,0.0,0.0,0.0,0.0,61.0,24.0,61.0
54,Gamma,q975,2.3194530070786703e-15,0.0,0.0,0.0,0.0,61.0,24.0,61.0
55,Gamma,mean,8.46610699148036e-17,0.0,0.0,0.0,0.0,62.0,33.0,62.0
55,Gamma,q025,2.2452689251219157e-18,0.0,0.0,0.0,0.0,62.0,33.0,62.0
55,Gamma,q975,4.99733769470748e-16,0.0,0.0,0.0,0.0,62.0,33.0,62.0
56,Gamma,mean,1.7587357905609506e-17,0.0,0.0,0.0,0.0,71.0,50.0,71.0
56,Gamma,q025,3.727621842793358e-19,0.0,0.0,0.0,0.0,71.0,50.0,71.0
56,Gamma,q975,1.0986683914009247e-16,0.0,0.0,0.0,0.0,71.0,50.0,71.0
57,Gamma,mean,3.668433765537959e-18,0.0,0.0,0.0,0.0,96.0,36.0,96.0
57,Gamma,q025,6.069260263818583e-20,0.0,0.0,0.0,0.0,96.0,36.0,96.0
57,Gamma,q975,2.4265000730321252e-17,0.0,0.0,0.0,0.0,96.0,36.0,96.0
58,Gamma,mean,7.682090896319857e-19,0.0,0.0,0.0,0.0,18.0,9.0,18.0
58,Gamma,q025,1.0049844327548647e-20,0.0,0.0,0.0,0.0,18.0,9.0,18.0
58,Gamma,q975,5.367424774762404e-18,0.0,0.0,0.0,0.0,18.0,9.0,18.0
59,Gamma,mean,1.6149210347640527e-19,0.0,0.0,0.0,0.0,68.0,6.0,68.0
59,Gamma,q025,1.6671479784307079e-21,0.0,0.0,0.0,0.0,68.0,6.0,68.0
59,Gamma,q975,1.1762821398214138e-18,0.0,0.0,0.0,0.0,68.0,6.0,68.0
60,Gamma,mean,3.407609699523526e-20,0.0,0.0,0.0,0.0,50.0,6.0,50.0
60,Gamma,q025,2.7591205735032866e-22,0.0,0.0,0.0,0.0,50.0,6.0,50.0
60,Gamma,q975,2.602354181982144e-19,0.0,0.0,0.0,0.0,50.0,6.0,50.0
61,Gamma,mean,7.216525905973153e-21,0.0,0.0,0.0,0.0,76.0,4.0,76.0
61,Gamma,q025,4.4499049054717635e-23,0.0,0.0,0.0,0.0,76.0,4.0,76.0
61,Gamma,q975,5.719094650919981e-20,0.0,0.0,0.0,0.0,76.0,4.0,76.0
62,Gamma,mean,1.533695235885645e-21,0.0,0.0,0.0,0.0,5.0,2.0,5.0
62,Gamma,q025,7.171365154556713e-24,0.0,0.0,0.0,0.0,5.0,2.0,5.0
62,Gamma,q975,1.2547842124551302e-20,0.0,0.0,0.0,0.0,5.0,2.0,5.0
63,Gamma,mean,3.270659252151728e-22,0.0,2.0,0.0,0.0,70.0,22.0,72.0
63,Gamma,q025,1.1821786740029207e-24,0.0,2.0,0.0,0.0,70.0,22.0,72.0
63,Gamma,q975,2.75736582699755e-21,0.0,2.0,0.0,0.0,70.0,22.0,72.0
64,Gamma,mean,6.997934767954356e-23,0.0,0.0,0.0,0.0,82.0,16.0,82.0
64,Gamma,q025,1.902286756115161e-25,0.0,0.0,0.0,0.0,82.0,16.0,82.0
64,Gamma,q975,6.001913700526993e-22,0.0,0.0,0.0,0.0,82.0,16.0,82.0
65,Gamma,mean,1.5020913800082996e-23,0.0,0.0,0.0,0.0,144.0,1.0,144.0
65,Gamma,q025,3.1337422855045114e-26,0.0,0.0,0.0,0.0,144.0,1.0,144.0
65,Gamma,q975,1.315225212573553e-22,0.0,0.0,0.0,0.0,144.0,1.0,144.0
66,Gamma,mean,3.234215414388084e-24,0.0,0.0,0.0,0.0,49.0,0.0,49.0
66,Gamma,q025,5.163796014129672e-27,0.0,0.0,0.0,0.0,49.0,0.0,49.0
66,Gamma,q975,2.8661699286970964e-23,0.0,0.0,0.0,0.0,49.0,0.0,49.0
67,Gamma,mean,6.984621203581374e-25,0.0,0.0,0.0,0.0,49.0,4.0,49.0
67,Gamma,q025,8.508256688820938e-28,0.0,0.0,0.0,0.0,49.0,4.0,49.0
67,Gamma,q975,6.271072641229592e-24,0.0,0.0,0.0,0.0,49.0,4.0,49.0
68,Gamma,mean,1.5127753850638852e-25,0.0,0.0,0.0,0.0,38.0,1.0,38.0
68,Gamma,q025,1.4164138050120348e-28,0.0,0.0,0.0,0.0,38.0,1.0,38.0
68,Gamma,q975,1.3912604208215114e-24,0.0,0.0,0.0,0.0,38.0,1.0,38.0
69,Gamma,mean,3.2856506544863963e-26,0.0,0.0,0.0,0.0,35.0,1.0,35.0
69,Gamma,q025,2.3656810023786283e-29,0.0,0.0,0.0,0.0,35.0,1.0,35.0
69,Gamma,q975,3.068550155765788e-25,0.0,0.0,0.0,0.0,35.0,1.0,35.0
0,Mu,mean,0.3851341429147158,2.0,0.0,4.0,6.0,0.0,5.0,12.0
0,Mu,q025,0.2843715135679103,2.0,0.0,4.0,6.0,0.0,5.0,12.0
0,Mu,q975,0.4809084754551883,2.0,0.0,4.0,6.0,0.0,5.0,12.0
1,Mu,mean,0.4662100808109591,3.0,0.0,4.0,4.0,0.0,15.0,11.0
1,Mu,q025,0.38800667415056517,3.0,0.0,4.0,4.0,0.0,15.0,11.0
1,Mu,q975,0.5419828028794866,3.0,0.0,4.0,4.0,0.0,15.0,11.0
2,Mu,mean,0.5366740130875012,6.0,0.0,17.0,23.0,0.0,21.0,46.0
2,Mu,q025,0.46989906236023954,6.0,0.0,17.0,23.0,0.0,21.0,46.0
2,Mu,q975,0.6015886976396037,6.0,0.0,17.0,23.0,0.0,21.0,46.0
3,Mu,mean,0.5945971585017623,10.0,0.0,10.0,36.0,0.0,10.0,56.0
3,Mu,q025,0.5346780495083452,10.0,0.0,10.0,36.0,0.0,10.0,56.0
3,Mu,q975,0.65193423455599,10.0,0.0,10.0,36.0,0.0,10.0,56.0
4,Mu,mean,0.641509569470636,1.0,0.0,15.0,33.0,0.0,12.0,49.0
4,Mu,q025,0.5891079094369719,1.0,0.0,15.0,33.0,0.0,12.0,49.0
4,Mu,q975,0.6925055680447427,1.0,0.0,15.0,33.0,0.0,12.0,49.0
5,Mu,mean,0.679960521978796,0.0,0.0,11.0,31.0,0.0,9.0,42.0
5,Mu,q025,0.6329600260660962,0.0,0.0,11.0,31.0,0.0,9.0,42.0
5,Mu,q975,0.7252282835364408,0.0,0.0,11.0,31.0,0.0,9.0,42.0
6,Mu,mean,0.7122031006667868,0.0,0.0,6.0,10.0,0.0,0.0,16.0
6,Mu,q025,0.6697440094212553,0.0,0.0,6.0,10.0,0.0,0.0,16.0
6,Mu,q975,0.7525019094224653,0.0,0.0,6.0,10.0,0.0,0.0,16.0
7,Mu,mean,0.7398531932894016,0.0,1.0,11.0,26.0,0.0,15.0,38.0
7,Mu,q025,0.7025113658416665,0.0,1.0,11.0,26.0,0.0,15.0,38.0
7,Mu,q975,0.7749777252662617,0.0,1.0,11.0,26.0,0.0,15.0,38.0
8,Mu,mean,0.7639499466611833,0.0,1.0,8.0,11.0,0.0,7.0,20.0
8,Mu,q025,0.7309720014647513,0.0,1.0,8.0,11.0,0.0,7.0,20.0
8,Mu,q975,0.7945009825077746,0.0,1.0,8.0,11.0,0.0,7.0,20.0
9,Mu,mean,0.7851011582677961,1.0,0.0,5.0,11.0,0.0,2.0,17.0
9,Mu,q025,0.7559595980177822,1.0,0.0,5.0,11.0,0.0,2.0,17.0
9,Mu,q975,0.8122436063255103,1.0,0.0,5.0,11.0,0.0,2.0,17.0
10,Mu,mean,0.8036046313296697,0.0,0.0,10.0,26.0,0.0,1.0,36.0
10,Mu,q025,0.7776230897226901,0.0,0.0,10.0,26.0,0.0,1.0,36.0
10,Mu,q975,0.8276371837587069,0.0,0.0,10.0,26.0,0.0,1.0,36.0
11,Mu,mean,0.819523214883082,0.0,0.0,1.0,14.0,0.0,1.0,15.0
11,Mu,q025,0.7957225114259473,0.0,0.0,1.0,14.0,0.0,1.0,15.0
11,Mu,q975,0.8410486393412113,0.0,0.0,1.0,14.0,0.0,1.0,15.0
12,Mu,mean,0.8327171421998899,0.0,0.0,4.0,20.0,0.0,2.0,24.0
12,Mu,q025,0.811202420467259,0.0,0.0,4.0,20.0,0.0,2.0,24.0
12,Mu,q975,0.8525149061863803,0.0,0.0,4.0,20.0,0.0,2.0,24.0
13,Mu,mean,0.8428418022651729,0.0,0.0,5.0,20.0,0.0,1.0,25.0
13,Mu,q025,0.8227760927326403,0.0,0.0,5.0,20.0,0.0,1.0,25.0
13,Mu,q975,0.8617276981145114,0.0,0.0,5.0,20.0,0.0,1.0,25.0
14,Mu,mean,0.8493185969579823,0.0,1.0,10.0,57.0,0.0,1.0,68.0
14,Mu,q025,0.8298832570428113,0.0,1.0,10.0,57.0,0.0,1.0,68.0
14,Mu,q975,0.8670883200327014,0.0,1.0,10.0,57.0,0.0,1.0,68.0
15,Mu,mean,0.8512873569824957,0.0,2.0,9.0,102.0,0.0,3.0,113.0
15,Mu,q025,0.8320667673741792,0.0,2.0,9.0,102.0,0.0,3.0,113.0
15,Mu,q975,0.8691840705417023,0.0,2.0,9.0,102.0,0.0,3.0,113.0
16,Mu,mean,0.8475541940817662,0.0,8.0,15.0,124.0,0.0,4.0,147.0
16,Mu,q025,0.8278351082627385,0.0,8.0,15.0,124.0,0.0,4.0,147.0
16,Mu,q975,0.8660489167803794,0.0,8.0,15.0,124.0,0.0,4.0,147.0
17,Mu,mean,0.8365613314865148,0.0,7.0,7.0,122.0,0.0,10.0,136.0
17,Mu,q025,0.8159757423602717,0.0,7.0,7.0,122.0,0.0,10.0,136.0
17,Mu,q975,0.855902764852992,0.0,7.0,7.0,122.0,0.0,10.0,136.0
18,Mu,mean,0.8164266243734537,0.0,14.0,8.0,96.0,0.0,10.0,118.0
18,Mu,q025,0.7943917020993531,0.0,14.0,8.0,96.0,0.0,10.0,118.0
18,Mu,q975,0.8373806833099334,0.0,14.0,8.0,96.0,0.0,10.0,118.0
19,Mu,mean,0.785125129106906,0.0,40.0,9.0,200.0,0.0,2.0,249.0
19,Mu,q025,0.761013631673877,0.0,40.0,9.0,200.0,0.0,2.0,249.0
19,Mu,q975,0.808111872427288,0.0,40.0,9.0,200.0,0.0,2.0,249.0
20,Mu,mean,0.7408924849355963,0.0,23.0,10.0,111.0,0.0,1.0,144.0
20,Mu,q025,0.7148797166052365,0.0,23.0,10.0,111.0,0.0,1.0,144.0
20,Mu,q975,0.7659626506870638,0.0,23.0,10.0,111.0,0.0,1.0,144.0
21,Mu,mean,0.6828768270607712,0.0,18.0,5.0,59.0,0.0,2.0,82.0
21,Mu,q025,0.6551784379614942,0.0,18.0,5.0,59.0,0.0,2.0,82.0
21,Mu,q975,0.7103922947177792,0.0,18.0,5.0,59.0,0.0,2.0,82.0
22,Mu,mean,0.6119083185217401,0.0,50.0,4.0,55.0,0.0,2.0,109.0
22,Mu,q025,0.5821985246988597,0.0,50.0,4.0,55.0,0.0,2.0,109.0
22,Mu,q975,0.6417099990377324,0.0,50.0,4.0,55.0,0.0,2.0,109.0
23,Mu,mean,0.5310278101344723,0.0,7.0,0.0,12.0,0.0,0.0,19.0
23,Mu,q025,0.4999300865948351,0.0,7.0,0.0,12.0,0.0,0.0,19.0
23,Mu,q975,0.5625254184612746,0.0,7.0,0.0,12.0,0.0,0.0,19.0
24,Mu,mean,0.4453166095207996,0.0,21.0,1.0,14.0,0.0,0.0,36.0
24,Mu,q025,0.4128113649071058,0.0,21.0,1.0,14.0,0.0,0.0,36.0
24,Mu,q975,0.4778809320041638,0.0,21.0,1.0,14.0,0.0,0.0,36.0
25,Mu,mean,0.36084677744276383,0.0,49.0,2.0,16.0,0.0,0.0,67.0
25,Mu,q025,0.32762165813988714,0.0,49.0,2.0,16.0,0.0,0.0,67.0
25,Mu,q975,0.3939270715977445,0.0,49.0,2.0,16.0,0.0,0.0,67.0
26,Mu,mean,0.2831529869432946,0.0,66.0,2.0,23.0,0.0,1.0,91.0
26,Mu,q025,0.2517220192634373,0.0,66.0,2.0,23.0,0.0,1.0,91.0
26,Mu,q975,0.31493808662119904,0.0,66.0,2.0,23.0,0.0,1.0,91.0
27,Mu,mean,0.21599398419841867,0.0,86.0,1.0,19.0,0.0,1.0,106.0
27,Mu,q025,0.1870413379750313,0.0,86.0,1.0,19.0,0.0,1.0,106.0
27,Mu,q975,0.24543560705236261,0.0,86.0,1.0,19.0,0.0,1.0,106.0
28,Mu,mean,0.16093268465022179,0.0,98.0,1.0,21.0,0.0,0.0,120.0
28,Mu,q025,0.13577054169618408,0.0,98.0,1.0,21.0,0.0,0.0,120.0
28,Mu,q975,0.18741375196645726,0.0,98.0,1.0,21.0,0.0,0.0,120.0
29,Mu,mean,0.11768718308713791,0.0,39.0,1.0,11.0,0.0,1.0,51.0
29,Mu,q025,0.09612700975437027,0.0,39.0,1.0,11.0,0.0,1.0,51.0
29,Mu,q975,0.14073771444262054,0.0,39.0,1.0,11.0,0.0,1.0,51.0
30,Mu,mean,0.08483904469872139,0.0,33.0,0.0,4.0,0.0,2.0,37.0
30,Mu,q025,0.06728061026630133,0.0,33.0,0.0,4.0,0.0,2.0,37.0
30,Mu,q975,0.10425784550175105,0.0,33.0,0.0,4.0,0.0,2.0,37.0
31,Mu,mean,0.0605081430061616,0.0,28.0,0.0,3.0,0.0,0.0,31.0
31,Mu,q025,0.04669294042717263,0.0,28.0,0.0,3.0,0.0,0.0,31.0
31,Mu,q975,0.07626491396778073,0.0,28.0,0.0,3.0,0.0,0.0,31.0
32,Mu,mean,0.04281143842332016,0.0,72.0,0.0,2.0,0.0,1.0,74.0
32,Mu,q025,0.03212434931044843,0.0,72.0,0.0,2.0,0.0,1.0,74.0
32,Mu,q975,0.0554881850476725,0.0,72.0,0.0,2.0,0.0,1.0,74.0
33,Mu,mean,0.03009662269092725,0.0,88.0,0.0,3.0,0.0,1.0,91.0
33,Mu,q025,0.02193866665655029,0.0,88.0,0.0,3.0,0.0,1.0,91.0
33,Mu,q975,0.039981904795301636,0.0,88.0,0.0,3.0,0.0,1.0,91.0
34,Mu,mean,0.02101453538946688,0.0,74.0,0.0,2.0,0.0,0.0,76.0
34,Mu,q025,0.014884813482459238,0.0,74.0,0.0,2.0,0.0,0.0,76.0
34,Mu,q975,0.02866325222338787,0.0,74.0,0.0,2.0,0.0,0.0,76.0
35,Mu,mean,0.01449824012953551,0.0,85.0,0.0,2.0,0.0,0.0,87.0
35,Mu,q025,0.009974414598535998,0.0,85.0,0.0,2.0,0.0,0.0,87.0
35,Mu,q975,0.02031403831019045,0.0,85.0,0.0,2.0,0.0,0.0,87.0
36,Mu,mean,0.009701072573444157,0.0,87.0,0.0,0.0,0.0,2.0,87.0
36,Mu,q025,0.006470852461301455,0.0,87.0,0.0,0.0,0.0,2.0,87.0
36,Mu,q975,0.013925976033759493,0.0,87.0,0.0,0.0,0.0,2.0,87.0
37,Mu,mean,0.005967993514463496,0.0,42.0,0.0,1.0,8.0,1.0,51.0
37,Mu,q025,0.0038525426183623427,0.0,42.0,0.0,1.0,8.0,1.0,51.0
37,Mu,q975,0.008795042062104444,0.0,42.0,0.0,1.0,8.0,1.0,51.0
38,Mu,mean,0.0030132723573046438,0.0,84.0,0.0,1.0,36.0,8.0,121.0
38,Mu,q025,0.0018606500420345676,0.0,84.0,0.0,1.0,36.0,8.0,121.0
38,Mu,q975,0.004553276347108013,0.0,84.0,0.0,1.0,36.0,8.0,121.0
39,Mu,mean,0.0011104041887130011,0.0,22.0,0.0,0.0,69.0,10.0,91.0
39,Mu,q025,0.0006522277227815225,0.0,22.0,0.0,0.0,69.0,10.0,91.0
39,Mu,q975,0.001728633280050655,0.0,22.0,0.0,0.0,69.0,10.0,91.0
40,Mu,mean,0.000307469257569825,0.0,3.0,0.0,0.0,126.0,25.0,129.0
40,Mu,q025,0.0001658642938156925,0.0,3.0,0.0,0.0,126.0,25.0,129.0
40,Mu,q975,0.0005052474947885575,0.0,3.0,0.0,0.0,126.0,25.0,129.0
41,Mu,mean,7.316551523902638e-05,0.0,7.0,0.0,0.0,216.0,31.0,223.0
41,Mu,q025,3.5556624648997495e-05,0.0,7.0,0.0,0.0,216.0,31.0,223.0
41,Mu,q975,0.000129148833178745,0.0,7.0,0.0,0.0,216.0,31.0,223.0
42,Mu,mean,1.646276941404332e-05,0.0,0.0,0.0,0.0,35.0,5.0,35.0
42,Mu,q025,7.0943817858407595e-06,0.0,0.0,0.0,0.0,35.0,5.0,35.0
42,Mu,q975,3.1813031108527465e-05,0.0,0.0,0.0,0.0,35.0,5.0,35.0
43,Mu,mean,3.646410768242269e-06,0.0,0.0,0.0,0.0,57.0,5.0,57.0
43,Mu,q025,1.3504334957797642e-06,0.0,0.0,0.0,0.0,57.0,5.0,57.0
43,Mu,q975,7.728203126147695e-06,0.0,0.0,0.0,0.0,57.0,5.0,57.0
44,Mu,mean,8.062114093195919e-07,0.0,0.0,0.0,0.0,20.0,0.0,20.0
44,Mu,q025,2.5682512696138293e-07,0.0,0.0,0.0,0.0,20.0,0.0,20.0
44,Mu,q975,1.8767684051656568e-06,0.0,0.0,0.0,0.0,20.0,0.0,20.0
45,Mu,mean,1.7873987925603308e-07,0.0,0.0,0.0,0.0,94.0,4.0,94.0
45,Mu,q025,4.86504619464136e-08,0.0,0.0,0.0,0.0,94.0,4.0,94.0
45,Mu,q975,4.594478856855797e-07,0.0,0.0,0.0,0.0,94.0,4.0,94.0
46,Mu,mean,3.97929319910318e-08,0.0,0.0,0.0,0.0,90.0,11.0,90.0
46,Mu,q025,9.022016767142317e-09,0.0,0.0,0.0,0.0,90.0,11.0,90.0
46,Mu,q975,1.1315969545954715e-07,0.0,0.0,0.0,0.0,90.0,11.0,90.0
47,Mu,mean,8.899992950982228e-09,0.0,0.0,0.0,0.0,41.0,4.0,41.0
47,Mu,q025,1.6805802482126524e-09,0.0,0.0,0.0,0.0,41.0,4.0,41.0
47,Mu,q975,2.781610774830236e-08,0.0,0.0,0.0,0.0,41.0,4.0,41.0
48,Mu,mean,1.9999464613470817e-09,0.0,0.0,0.0,0.0,61.0,5.0,61.0
48,Mu,q025,3.140084402406245e-10,0.0,0.0,0.0,0.0,61.0,5.0,61.0
48,Mu,q975,6.802482096286378e-09,0.0,0.0,0.0,0.0,61.0,5.0,61.0
49,Mu,mean,4.515347037197615e-10,0.0,0.0,0.0,0.0,31.0,3.0,31.0
49,Mu,q025,5.859714605372661e-11,0.0,0.0,0.0,0.0,31.0,3.0,31.0
49,Mu,q975,1.6658228092604044e-09,0.0,0.0,0.0,0.0,31.0,3.0,31.0
50,Mu,mean,1.024215200016239e-10,0.0,0.0,0.0,0.0,115.0,6.0,115.0
50,Mu,q025,1.0912502685805564e-11,0.0,0.0,0.0,0.0,115.0,6.0,115.0
50,Mu,q975,4.0938280807144204e-10,0.0,0.0,0.0,0.0,115.0,6.0,115.0
51,Mu,mean,2.3339748971805275e-11,0.0,0.0,0.0,0.0,76.0,4.0,76.0
51,Mu,q025,2.0133527781684104e-12,0.0,0.0,0.0,0.0,76.0,4.0,76.0
51,Mu,q975,1.017722564479709e-10,0.0,0.0,0.0,0.0,76.0,4.0,76.0
52,Mu,mean,5.342951571185981e-12,0.0,1.0,0.0,0.0,104.0,12.0,105.0
52,Mu,q025,3.7269415621844625e-13,0.0,1.0,0.0,0.0,104.0,12.0,105.0
52,Mu,q975,2.5224377899818607e-11,0.0,1.0,0.0,0.0,104.0,12.0,105.0
53,Mu,mean,1.2286278522252909e-12,0.0,0.0,0.0,0.0,19.0,3.0,19.0
53,Mu,q025,6.930145209894475e-14,0.0,0.0,0.0,0.0,19.0,3.0,19.0
53,Mu,q975,6.186309138606201e-12,0.0,0.0,0.0,0.0,19.0,3.0,19.0
54,Mu,mean,2.8378317426084863e-13,0.0,0.0,0.0,0.0,61.0,24.0,61.0
54,Mu,q025,1.2853462445382461e-14,0.0,0.0,0.0,0.0,61.0,24.0,61.0
54,Mu,q975,1.509834430030599e-12,0.0,0.0,0.0,0.0,61.0,24.0,61.0
55,Mu,mean,6.583434051847316e-14,0.0,0.0,0.0,0.0,62.0,33.0,62.0
55,Mu,q025,2.396831270252021e-15,0.0,0.0,0.0,0.0,62.0,33.0,62.0
55,Mu,q975,3.71289482276863e-13,0.0,0.0,0.0,0.0,62.0,33.0,62.0
56,Mu,mean,1.533873947199986e-14,0.0,0.0,0.0,0.0,71.0,50.0,71.0
56,Mu,q025,4.454872493656885e-16,0.0,0.0,0.0,0.0,71.0,50.0,71.0
56,Mu,q975,9.115648031139993e-14,0.0,0.0,0.0,0.0,71.0,50.0,71.0
57,Mu,mean,3.5889666830724896e-15,0.0,0.0,0.0,0.0,96.0,36.0,96.0
57,Mu,q025,8.368186825368478e-17,0.0,0.0,0.0,0.0,96.0,36.0,96.0
57,Mu,q975,2.2282212958733105e-14,0.0,0.0,0.0,0.0,96.0,36.0,96.0
58,Mu,mean,8.43262069870364e-16,0.0,0.0,0.0,0.0,18.0,9.0,18.0
58,Mu,q025,1.572022686630982e-17,0.0,0.0,0.0,0.0,18.0,9.0,18.0
58,Mu,q975,5.457325656322352e-15,0.0,0.0,0.0,0.0,18.0,9.0,18.0
59,Mu,mean,1.9894800561927437e-16,0.0,0.0,0.0,0.0,68.0,6.0,68.0
59,Mu,q025,2.944258111975979e-18,0.0,0.0,0.0,0.0,68.0,6.0,68.0
59,Mu,q975,1.3372641067022832e-15,0.0,0.0,0.0,0.0,68.0,6.0,68.0
60,Mu,mean,4.712711220286736e-17,0.0,0.0,0.0,0.0,50.0,6.0,50.0
60,Mu,q025,5.511628103162012e-19,0.0,0.0,0.0,0.0,50.0,6.0,50.0
60,Mu,q975,3.350358962622179e-16,0.0,0.0,0.0,0.0,50.0,6.0,50.0
61,Mu,mean,1.1207960535538993e-17,0.0,0.0,0.0,0.0,76.0,4.0,76.0
61,Mu,q025,1.019229148666988e-19,0.0,0.0,0.0,0.0,76.0,4.0,76.0
61,Mu,q975,8.243650040802597e-17,0.0,0.0,0.0,0.0,76.0,4.0,76.0
62,Mu,mean,2.675945937092787e-18,0.0,0.0,0.0,0.0,5.0,2.0,5.0
62,Mu,q025,1.8869925451317886e-20,0.0,0.0,0.0,0.0,5.0,2.0,5.0
62,Mu,q975,2.0118622495120324e-17,0.0,0.0,0.0,0.0,5.0,2.0,5.0
63,Mu,mean,6.413480902004273e-19,0.0,2.0,0.0,0.0,70.0,22.0,72.0
63,Mu,q025,3.4783523676103414e-21,0.0,2.0,0.0,0.0,70.0,22.0,72.0
63,Mu,q975,4.909948551741752e-18,0.0,2.0,0.0,0.0,70.0,22.0,72.0
64,Mu,mean,1.5429335210137937e-19,0.0,0.0,0.0,0.0,82.0,16.0,82.0
64,Mu,q025,6.446401302109776e-22,0.0,0.0,0.0,0.0,82.0,16.0,82.0
64,Mu,q975,1.206215236115024e-18,0.0,0.0,0.0,0.0,82.0,16.0,82.0
65,Mu,mean,3.725712798629392e-20,0.0,0.0,0.0,0.0,144.0,1.0,144.0
65,Mu,q025,1.203691736511392e-22,0.0,0.0,0.0,0.0,144.0,1.0,144.0
65,Mu,q975,2.969264999086314e-19,0.0,0.0,0.0,0.0,144.0,1.0,144.0
66,Mu,mean,9.029274011066655e-21,0.0,0.0,0.0,0.0,49.0,0.0,49.0
66,Mu,q025,2.2437419729408838e-23,0.0,0.0,0.0,0.0,49.0,0.0,49.0
66,Mu,q975,7.309280391216829e-20,0.0,0.0,0.0,0.0,49.0,0.0,49.0
67,Mu,mean,2.1960943204914735e-21,0.0,0.0,0.0,0.0,49.0,4.0,49.0
67,Mu,q025,4.161627891038615e-24,0.0,0.0,0.0,0.0,49.0,4.0,49.0
67,Mu,q975,1.795747219581709e-20,0.0,0.0,0.0,0.0,49.0,4.0,49.0
68,Mu,mean,5.360165209753747e-22,0.0,0.0,0.0,0.0,38.0,1.0,38.0
68,Mu,q025,7.759374676153872e-25,0.0,0.0,0.0,0.0,38.0,1.0,38.0
68,Mu,q975,4.392920579484061e-21,0.0,0.0,0.0,0.0,38.0,1.0,38.0
69,Mu,mean,1.31283372623879e-22,0.0,0.0,0.0,0.0,35.0,1.0,35.0
69,Mu,q025,1.4352706194740477e-25,0.0,0.0,0.0,0.0,35.0,1.0,35.0
69,Mu,q975,1.0741499159197421e-21,0.0,0.0,0.0,0.0,35.0,1.0,35.0
0,Omicron,mean,5.808116591973554e-23,2.0,0.0,4.0,6.0,0.0,5.0,12.0
0,Omicron,q025,7.727278026386656e-27,2.0,0.0,4.0,6.0,0.0,5.0,12.0
0,Omicron,q975,3.837707443660867e-22,2.0,0.0,4.0,6.0,0.0,5.0,12.0
1,Omicron,mean,2.7764165375976934e-22,3.0,0.0,4.0,4.0,0.0,15.0,11.0
1,Omicron,q025,5.0915092666439845e-26,3.0,0.0,4.0,4.0,0.0,15.0,11.0
1,Omicron,q975,1.843299130897002e-21,3.0,0.0,4.0,4.0,0.0,15.0,11.0
2,Omicron,mean,1.2677382554435926e-21,6.0,0.0,17.0,23.0,0.0,21.0,46.0
2,Omicron,q025,3.2162643558657043e-25,6.0,0.0,17.0,23.0,0.0,21.0,46.0
2,Omicron,q975,8.40514765840524e-21,6.0,0.0,17.0,23.0,0.0,21.0,46.0
3,Omicron,mean,5.5965415013226205e-21,10.0,0.0,10.0,36.0,0.0,10.0,56.0
3,Omicron,q025,1.9291899244230288e-24,10.0,0.0,10.0,36.0,0.0,10.0,56.0
3,Omicron,q975,3.751516009523985e-20,10.0,0.0,10.0,36.0,0.0,10.0,56.0
4,Omicron,mean,2.416023082093953e-20,1.0,0.0,15.0,33.0,0.0,12.0,49.0
4,Omicron,q025,1.1325953816283623e-23,1.0,0.0,15.0,33.0,0.0,12.0,49.0
4,Omicron,q975,1.6550029462780862e-19,1.0,0.0,15.0,33.0,0.0,12.0,49.0
5,Omicron,mean,1.0287257594527816e-19,0.0,0.0,11.0,31.0,0.0,9.0,42.0
5,Omicron,q025,6.472230183947349e-23,0.0,0.0,11.0,31.0,0.0,9.0,42.0
5,Omicron,q975,7.175868740670633e-19,0.0,0.0,11.0,31.0,0.0,9.0,42.0
6,Omicron,mean,4.3451797767924025e-19,0.0,0.0,6.0,10.0,0.0,0.0,16.0
6,Omicron,q025,3.658215964613122e-22,0.0,0.0,6.0,10.0,0.0,0.0,16.0
6,Omicron,q975,3.0502410266669196e-18,0.0,0.0,6.0,10.0,0.0,0.0,16.0
7,Omicron,mean,1.82725368317548e-18,0.0,1.0,11.0,26.0,0.0,15.0,38.0
7,Omicron,q025,2.060745296805437e-21,0.0,1.0,11.0,26.0,0.0,15.0,38.0
7,Omicron,q975,1.292857143450895e-17,0.0,1.0,11.0,26.0,0.0,15.0,38.0
8,Omicron,mean,7.667248335697401e-18,0.0,1.0,8.0,11.0,0.0,7.0,20.0
8,Omicron,q025,1.1440842009793904e-20,0.0,1.0,8.0,11.0,0.0,7.0,20.0
8,Omicron,q975,5.376859104788068e-17,0.0,1.0,8.0,11.0,0.0,7.0,20.0
9,Omicron,mean,3.214490934512983e-17,1.0,0.0,5.0,11.0,0.0,2.0,17.0
9,Omicron,q025,6.315114216907776e-20,1.0,0.0,5.0,11.0,0.0,2.0,17.0
9,Omicron,q975,2.2391660565758086e-16,1.0,0.0,5.0,11.0,0.0,2.0,17.0
10,Omicron,mean,1.3475760416309811e-16,0.0,0.0,10.0,26.0,0.0,1.0,36.0
10,Omicron,q025,3.4701303377760115e-19,0.0,0.0,10.0,26.0,0.0,1.0,36.0
10,Omicron,q975,9.29087915935529e-16,0.0,0.0,10.0,26.0,0.0,1.0,36.0
11,Omicron,mean,5.651073097513681e-16,0.0,0.0,1.0,14.0,0.0,1.0,15.0
11,Omicron,q025,1.895508560937978e-18,0.0,0.0,1.0,14.0,0.0,1.0,15.0
11,Omicron,q975,3.837013092656962e-15,0.0,0.0,1.0,14.0,0.0,1.0,15.0
12,Omicron,mean,2.3707312565014527e-15,0.0,0.0,4.0,20.0,0.0,2.0,24.0
12,Omicron,q025,1.0304671575807015e-17,0.0,0.0,4.0,20.0,0.0,2.0,24.0
12,Omicron,q975,1.5709842719817527e-14,0.0,0.0,4.0,20.0,0.0,2.0,24.0
13,Omicron,mean,9.947714972497924e-15,0.0,0.0,5.0,20.0,0.0,1.0,25.0
13,Omicron,q025,5.58180996958936e-17,0.0,0.0,5.0,20.0,0.0,1.0,25.0
13,Omicron,q975,6.457188676940218e-14,0.0,0.0,5.0,20.0,0.0,1.0,25.0
14,Omicron,mean,4.1728976010171406e-14,0.0,1.0,10.0,57.0,0.0,1.0,68.0
14,Omicron,q025,3.0111225122875974e-16,0.0,1.0,10.0,57.0,0.0,1.0,68.0
14,Omicron,q975,2.645871037580114e-13,0.0,1.0,10.0,57.0,0.0,1.0,68.0
15,Omicron,mean,1.7484368412652287e-13,0.0,2.0,9.0,102.0,0.0,3.0,113.0
15,Omicron,q025,1.6249514816433671e-15,0.0,2.0,9.0,102.0,0.0,3.0,113.0
15,Omicron,q975,1.0790846614777956e-12,0.0,2.0,9.0,102.0,0.0,3.0,113.0
16,Omicron,mean,7.307754564522314e-13,0.0,8.0,15.0,124.0,0.0,4.0,147.0
16,Omicron,q025,8.644474117229524e-15,0.0,8.0,15.0,124.0,0.0,4.0,147.0
16,Omicron,q975,4.3350832997665445e-12,0.0,8.0,15.0,124.0,0.0,4.0,147.0
17,Omicron,mean,3.0409713458153273e-12,0.0,7.0,7.0,122.0,0.0,10.0,136.0
17,Omicron,q025,4.598403433567498e-14,0.0,7.0,7.0,122.0,0.0,10.0,136.0
17,Omicron,q975,1.7624855291720072e-11,0.0,7.0,7.0,122.0,0.0,10.0,136.0
18,Omicron,mean,1.2566222929730594e-11,0.0,14.0,8.0,96.0,0.0,10.0,118.0
18,Omicron,q025,2.4128076167599714e-13,0.0,14.0,8.0,96.0,0.0,10.0,118.0
18,Omicron,q975,6.941005778824071e-11,0.0,14.0,8.0,96.0,0.0,10.0,118.0
19,Omicron,mean,5.1391837874219385e-11,0.0,40.0,9.0,200.0,0.0,2.0,249.0
19,Omicron,q025,1.2384089750451817e-12,0.0,40.0,9.0,200.0,0.0,2.0,249.0
19,Omicron,q975,2.73414377006416e-10,0.0,40.0,9.0,200.0,0.0,2.0,249.0
20,Omicron,mean,2.0715289999101617e-10,0.0,23.0,10.0,111.0,0.0,1.0,144.0
20,Omicron,q025,6.294190983082895e-12,0.0,23.0,10.0,111.0,0.0,1.0,144.0
20,Omicron,q975,1.0624815296370452e-09,0.0,23.0,10.0,111.0,0.0,1.0,144.0
21,Omicron,mean,8.191924841338652e-10,0.0,18.0,5.0,59.0,0.0,2.0,82.0
21,Omicron,q025,3.104794980497553e-11,0.0,18.0,5.0,59.0,0.0,2.0,82.0
21,Omicron,q975,4.050231701481952e-09,0.0,18.0,5.0,59.0,0.0,2.0,82.0
22,Omicron,mean,3.163527938847479e-09,0.0,50.0,4.0,55.0,0.0,2.0,109.0
22,Omicron,q025,1.4970778095021624e-10,0.0,50.0,4.0,55.0,0.0,2.0,109.0
22,Omicron,q975,1.4874788799410859e-08,0.0,50.0,4.0,55.0,0.0,2.0,109.0
23,Omicron,mean,1.1884325100638539e-08,0.0,7.0,0.0,12.0,0.0,0.0,19.0
23,Omicron,q025,7.002170544168237e-10,0.0,7.0,0.0,12.0,0.0,0.0,19.0
23,Omicron,q975,5.263336763421699e-08,0.0,7.0,0.0,12.0,0.0,0.0,19.0
24,Omicron,mean,4.3332513661177284e-08,0.0,21.0,1.0,14.0,0.0,0.0,36.0
24,Omicron,q025,3.1421142465230887e-09,0.0,21.0,1.0,14.0,0.0,0.0,36.0
24,Omicron,q975,1.7953999897713088e-07,0.0,21.0,1.0,14.0,0.0,0.0,36.0
25,Omicron,mean,1.5333826665705458e-07,0.0,49.0,2.0,16.0,0.0,0.0,67.0
25,Omicron,q025,1.37563673378956e-08,0.0,49.0,2.0,16.0,0.0,0.0,67.0
25,Omicron,q975,5.911590529208182e-07,0.0,49.0,2.0,16.0,0.0,0.0,67.0
26,Omicron,mean,5.277238566681659e-07,0.0,66.0,2.0,23.0,0.0,1.0,91.0
26,Omicron,q025,5.800251794337499e-08,0.0,66.0,2.0,23.0,0.0,1.0,91.0
26,Omicron,q975,1.9043713950133004e-06,0.0,66.0,2.0,23.0,0.0,1.0,91.0
27,Omicron,mean,1.7731602221845868e-06,0.0,86.0,1.0,19.0,0.0,1.0,106.0
27,Omicron,q025,2.392243357276067e-07,0.0,86.0,1.0,19.0,0.0,1.0,106.0
27,Omicron,q975,5.953526477538802e-06,0.0,86.0,1.0,19.0,0.0,1.0,106.0
28,Omicron,mean,5.8443015404560326e-06,0.0,98.0,1.0,21.0,0.0,0.0,120.0
28,Omicron,q025,9.597423704804621e-07,0.0,98.0,1.0,21.0,0.0,0.0,120.0
28,Omicron,q975,1.8145399743207008e-05,0.0,98.0,1.0,21.0,0.0,0.0,120.0
29,Omicron,mean,1.898754874878803e-05,0.0,39.0,1.0,11.0,0.0,1.0,51.0
29,Omicron,q025,3.76728152932752e-06,0.0,39.0,1.0,11.0,0.0,1.0,51.0
29,Omicron,q975,5.435744042697556e-05,0.0,39.0,1.0,11.0,0.0,1.0,51.0
30,Omicron,mean,6.107596400774836e-05,0.0,33.0,0.0,4.0,0.0,2.0,37.0
30,Omicron,q025,1.4656558512539248e-05,0.0,33.0,0.0,4.0,0.0,2.0,37.0
30,Omicron,q975,0.00016119951411014004,0.0,33.0,0.0,4.0,0.0,2.0,37.0
31,Omicron,mean,0.00019521901693490143,0.0,28.0,0.0,3.0,0.0,0.0,31.0
31,Omicron,q025,5.563194337203447e-05,0.0,28.0,0.0,3.0,0.0,0.0,31.0
31,Omicron,q975,0.000474711606500795,0.0,28.0,0.0,3.0,0.0,0.0,31.0
32,Omicron,mean,0.000621744439534547,0.0,72.0,0.0,2.0,0.0,1.0,74.0
32,Omicron,q025,0.0002112553523687325,0.0,72.0,0.0,2.0,0.0,1.0,74.0
32,Omicron,q975,0.0013714770816668762,0.0,72.0,0.0,2.0,0.0,1.0,74.0
33,Omicron,mean,0.001976165247453247,0.0,88.0,0.0,3.0,0.0,1.0,91.0
33,Omicron,q025,0.0007906295846945525,0.0,88.0,0.0,3.0,0.0,1.0,91.0
33,Omicron,q975,0.003962300780232089,0.0,88.0,0.0,3.0,0.0,1.0,91.0
34,Omicron,mean,0.006265678854536029,0.0,74.0,0.0,2.0,0.0,0.0,76.0
34,Omicron,q025,0.0029658143641675375,0.0,74.0,0.0,2.0,0.0,0.0,76.0
34,Omicron,q975,0.011288354461297187,0.0,74.0,0.0,2.0,0.0,0.0,76.0
35,Omicron,mean,0.01971319233867335,0.0,85.0,0.0,2.0,0.0,0.0,87.0
35,Omicron,q025,0.010939853755499185,0.0,85.0,0.0,2.0,0.0,0.0,87.0
35,Omicron,q975,0.03162634293134788,0.0,85.0,0.0,2.0,0.0,0.0,87.0
36,Omicron,mean,0.06040780798230052,0.0,87.0,0.0,0.0,0.0,2.0,87.0
36,Omicron,q025,0.039400541988613626,0.0,87.0,0.0,0.0,0.0,2.0,87.0
36,Omicron,q975,0.08597366893840196,0.0,87.0,0.0,0.0,0.0,2.0,87.0
37,Omicron,mean,0.17096842731120587,0.0,42.0,0.0,1.0,8.0,1.0,51.0
37,Omicron,q025,0.1295898255608787,0.0,42.0,0.0,1.0,8.0,1.0,51.0
37,Omicron,q975,0.214300022724518,0.0,42.0,0.0,1.0,8.0,1.0,51.0
38,Omicron,mean,0.39913309613539094,0.0,84.0,0.0,1.0,36.0,8.0,121.0
38,Omicron,q025,0.3446219021610951,0.0,84.0,0.0,1.0,36.0,8.0,121.0
38,Omicron,q975,0.4527596213926358,0.0,84.0,0.0,1.0,36.0,8.0,121.0
39,Omicron,mean,0.6819642059675851,0.0,22.0,0.0,0.0,69.0,10.0,91.0
39,Omicron,q025,0.6337371736893604,0.0,22.0,0.0,0.0,69.0,10.0,91.0
39,Omicron,q975,0.7287196438441026,0.0,22.0,0.0,0.0,69.0,10.0,91.0
40,Omicron,mean,0.8734709154765682,0.0,3.0,0.0,0.0,126.0,25.0,129.0
40,Omicron,q025,0.8399700851267508,0.0,3.0,0.0,0.0,126.0,25.0,129.0
40,Omicron,q975,0.9047402978163694,0.0,3.0,0.0,0.0,126.0,25.0,129.0
41,Omicron,mean,0.9567360545401268,0.0,7.0,0.0,0.0,216.0,31.0,223.0
41,Omicron,q025,0.9389518883274147,0.0,7.0,0.0,0.0,216.0,31.0,223.0
41,Omicron,q975,0.9716966250718017,0.0,7.0,0.0,0.0,216.0,31.0,223.0
42,Omicron,mean,0.986012462980577,0.0,0.0,0.0,0.0,35.0,5.0,35.0
42,Omicron,q025,0.9779933781008301,0.0,0.0,0.0,0.0,35.0,5.0,35.0
42,Omicron,q975,0.9921680215153986,0.0,0.0,0.0,0.0,35.0,5.0,35.0
43,Omicron,mean,0.9955487029383716,0.0,0.0,0.0,0.0,57.0,5.0,57.0
43,Omicron,q025,0.9921829268081783,0.0,0.0,0.0,0.0,57.0,5.0,57.0
43,Omicron,q975,0.99786697321533,0.0,0.0,0.0,0.0,57.0,5.0,57.0
44,Omicron,mean,0.9985861587909796,0.0,0.0,0.0,0.0,20.0,0.0,20.0
44,Omicron,q025,0.9972684841813658,0.0,0.0,0.0,0.0,20.0,0.0,20.0
44,Omicron,q975,0.9994290122367604,0.0,0.0,0.0,0.0,20.0,0.0,20.0
45,Omicron,mean,0.9995497639288565,0.0,0.0,0.0,0.0,94.0,4.0,94.0
45,Omicron,q025,0.9990402414948434,0.0,0.0,0.0,0.0,94.0,4.0,94.0
45,Omicron,q975,0.9998472097445195,0.0,0.0,0.0,0.0,94.0,4.0,94.0
46,Omicron,mean,0.9998560470984647,0.0,0.0,0.0,0.0,90.0,11.0,90.0
46,Omicron,q025,0.9996592011961005,0.0,0.0,0.0,0.0,90.0,11.0,90.0
46,Omicron,q975,0.9999588036582272,0.0,0.0,0.0,0.0,90.0,11.0,90.0
47,Omicron,mean,0.9999537700100496,0.0,0.0,0.0,0.0,41.0,4.0,41.0
47,Omicron,q025,0.9998811509870325,0.0,0.0,0.0,0.0,41.0,4.0,41.0
47,Omicron,q975,0.9999889450409436,0.0,0.0,0.0,0.0,41.0,4.0,41.0
48,Omicron,mean,0.9999850859859956,0.0,0.0,0.0,0.0,61.0,5.0,61.0
48,Omicron,q025,0.9999579422780138,0.0,0.0,0.0,0.0,61.0,5.0,61.0
48,Omicron,q975,0.9999970274811637,0.0,0.0,0.0,0.0,61.0,5.0,61.0
49,Omicron,mean,0.9999951668230632,0.0,0.0,0.0,0.0,31.0,3.0,31.0
49,Omicron,q025,0.9999851525090503,0.0,0.0,0.0,0.0,31.0,3.0,31.0
49,Omicron,q975,0.9999992078792839,0.0,0.0,0.0,0.0,31.0,3.0,31.0
50,Omicron,mean,0.9999984266520764,0.0,0.0,0.0,0.0,115.0,6.0,115.0
50,Omicron,q025,0.9999947739012868,0.0,0.0,0.0,0.0,115.0,6.0,115.0
50,Omicron,q975,0.9999997877680782,0.0,0.0,0.0,0.0,115.0,6.0,115.0
51,Omicron,mean,0.9999994855374361,0.0,0.0,0.0,0.0,76.0,4.0,76.0
51,Omicron,q025,0.9999981560196115,0.0,0.0,0.0,0.0,76.0,4.0,76.0
51,Omicron,q975,0.9999999430269951,0.0,0.0,0.0,0.0,76.0,4.0,76.0
52,Omicron,mean,0.999999831032786,0.0,1.0,0.0,0.0,104.0,12.0,105.0
52,Omicron,q025,0.9999993490908559,0.0,1.0,0.0,0.0,104.0,12.0,105.0
52,Omicron,q975,0.9999999846429235,0.0,1.0,0.0,0.0,104.0,12.0,105.0
53,Omicron,mean,0.9999999442616224,0.0,0.0,0.0,0.0,19.0,3.0,19.0
53,Omicron,q025,0.9999997720700724,0.0,0.0,0.0,0.0,19.0,3.0,19.0
53,Omicron,q975,0.9999999959398482,0.0,0.0,0.0,0.0,19.0,3.0,19.0
54,Omicron,mean,0.9999999815330975,0.0,0.0,0.0,0.0,61.0,24.0,61.0
54,Omicron,q025,0.9999999198624079,0.0,0.0,0.0,0.0,61.0,24.0,61.0
54,Omicron,q975,0.999999998913923,0.0,0.0,0.0,0.0,61.0,24.0,61.0
55,Omicron,mean,0.9999999938552043,0.0,0.0,0.0,0.0,62.0,33.0,62.0
55,Omicron,q025,0.9999999717907442,0.0,0.0,0.0,0.0,62.0,33.0,62.0
55,Omicron,q975,0.999999999709589,0.0,0.0,0.0,0.0,62.0,33.0,62.0
56,Omicron,mean,0.9999999979465607,0.0,0.0,0.0,0.0,71.0,50.0,71.0
56,Omicron,q025,0.9999999900239592,0.0,0.0,0.0,0.0,71.0,50.0,71.0
56,Omicron,q975,0.9999999999222475,0.0,0.0,0.0,0.0,71.0,50.0,71.0
57,Omicron,mean,0.999999999310862,0.0,0.0,0.0,0.0,96.0,36.0,96.0
57,Omicron,q025,0.9999999964794686,0.0,0.0,0.0,0.0,96.0,36.0,96.0
57,Omicron,q975,0.9999999999793158,0.0,0.0,0.0,0.0,96.0,36.0,96.0
58,Omicron,mean,0.9999999997677406,0.0,0.0,0.0,0.0,18.0,9.0,18.0
58,Omicron,q025,0.999999998755682,0.0,0.0,0.0,0.0,18.0,9.0,18.0
58,Omicron,q975,0.9999999999944664,0.0,0.0,0.0,0.0,18.0,9.0,18.0
59,Omicron,mean,0.9999999999213913,0.0,0.0,0.0,0.0,68.0,6.0,68.0
59,Omicron,q025,0.9999999995636275,0.0,0.0,0.0,0.0,68.0,6.0,68.0
59,Omicron,q975,0.9999999999985103,0.0,0.0,0.0,0.0,68.0,6.0,68.0
60,Omicron,mean,0.9999999999732831,0.0,0.0,0.0,0.0,50.0,6.0,50.0
60,Omicron,q025,0.9999999998455117,0.0,0.0,0.0,0.0,50.0,6.0,50.0
60,Omicron,q975,0.9999999999996,0.0,0.0,0.0,0.0,50.0,6.0,50.0
61,Omicron,mean,0.9999999999908834,0.0,0.0,0.0,0.0,76.0,4.0,76.0
61,Omicron,q025,0.9999999999452689,0.0,0.0,0.0,0.0,76.0,4.0,76.0
61,Omicron,q975,0.9999999999998934,0.0,0.0,0.0,0.0,76.0,4.0,76.0
62,Omicron,mean,0.9999999999968827,0.0,0.0,0.0,0.0,5.0,2.0,5.0
62,Omicron,q025,0.9999999999806753,0.0,0.0,0.0,0.0,5.0,2.0,5.0
62,Omicron,q975,0.9999999999999714,0.0,0.0,0.0,0.0,5.0,2.0,5.0
63,Omicron,mean,0.9999999999989369,0.0,2.0,0.0,0.0,70.0,22.0,72.0
63,Omicron,q025,0.9999999999931812,0.0,2.0,0.0,0.0,70.0,22.0,72.0
63,Omicron,q975,0.9999999999999925,0.0,2.0,0.0,0.0,70.0,22.0,72.0
64,Omicron,mean,0.9999999999996458,0.0,0.0,0.0,0.0,82.0,16.0,82.0
64,Omicron,q025,0.9999999999975999,0.0,0.0,0.0,0.0,82.0,16.0,82.0
64,Omicron,q975,0.999999999999998,0.0,0.0,0.0,0.0,82.0,16.0,82.0
65,Omicron,mean,0.9999999999998895,0.0,0.0,0.0,0.0,144.0,1.0,144.0
65,Omicron,q025,0.9999999999991545,0.0,0.0,0.0,0.0,144.0,1.0,144.0
65,Omicron,q975,0.9999999999999992,0.0,0.0,0.0,0.0,144.0,1.0,144.0
66,Omicron,mean,0.9999999999999676,0.0,0.0,0.0,0.0,49.0,0.0,49.0
66,Omicron,q025,0.9999999999997022,0.0,0.0,0.0,0.0,49.0,0.0,49.0
66,Omicron,q975,0.9999999999999998,0.0,0.0,0.0,0.0,49.0,0.0,49.0
67,Omicron,mean,0.9999999999999921,0.0,0.0,0.0,0.0,49.0,4.0,49.0
67,Omicron,q025,0.9999999999998954,0.0,0.0,0.0,0.0,49.0,4.0,49.0
67,Omicron,q975,1.0,0.0,0.0,0.0,0.0,49.0,4.0,49.0
68,Omicron,mean,0.9999999999999981,0.0,0.0,0.0,0.0,38.0,1.0,38.0
68,Omicron,q025,0.9999999999999633,0.0,0.0,0.0,0.0,38.0,1.0,38.0
68,Omicron,q975,1.0,0.0,0.0,0.0,0.0,38.0,1.0,38.0
69,Omicron,mean,0.9999999999999996,0.0,0.0,0.0,0.0,35.0,1.0,35.0
69,Omicron,q025,0.9999999999999868,0.0,0.0,0.0,0.0,35.0,1.0,35.0
69,Omicron,q975,1.0,0.0,0.0,0.0,0.0,35.0,1.0,35.0
